content,date,like,place,tags
돌하루방도 마스크 😷#휴애리#휴애리자연생활공원#휴애리수국축제#제주도관광지#제주도관광#제주도여행#제주도#제주#제주여행#제주가볼만한곳#제주스냅#제주스냅촬영#힐링여행#여행그램.. #좋아요#좋아요테러#좋아요그램#일상그램#일상기록#데일리#데일리그램#데일리음식#데일리커피#행복한일상#소소한행복#소확행#사색즐기기 #소통해요💕#소통소통#소통해요♥,"['#휴애리', '#휴애리자연생활공원', '#휴애리수국축제', '#제주도관광지', '#제주도관광', '#제주도여행', '#제주도', '#제주', '#제주여행', '#제주가볼만한곳', '#제주스냅', '#제주스냅촬영', '#힐링여행', '#여행그램..', '#좋아요', '#좋아요테러', '#좋아요그램', '#일상그램', '#일상기록', '#데일리', '#데일리그램', '#데일리음식', '#데일리커피', '#행복한일상', '#소소한행복', '#소확행', '#사색즐기기', '#소통해요💕', '#소통소통', '#소통해요♥']",2021-05-01,0,휴애리 자연생활공원
"*비자림로 / 거리,골목 팔하나 잘려나간듯한 비자림로.. 볼때마다 속상 주소 : 제주시 구좌읍 송당리 2341-1#비자림로 #제주관광 #제주도관광 #제주가볼만한곳 #제주도가볼만한곳 #제주그램 #제주도그램 #제주여행 #제주도여행 #제주앓이 #제주살이 #제주일상 #제주라이프 #jejudo #jeju #jejuisland #jejutrip #제주 #제주도 #제미녀_제주시 #구좌읍 #송당리 #제미녀 #제주도에미친녀자","['#비자림로', '#제주관광', '#제주도관광', '#제주가볼만한곳', '#제주도가볼만한곳', '#제주그램', '#제주도그램', '#제주여행', '#제주도여행', '#제주앓이', '#제주살이', '#제주일상', '#제주라이프', '#jejudo', '#jeju', '#jejuisland', '#jejutrip', '#제주', '#제주도', '#제미녀_제주시', '#구좌읍', '#송당리', '#제미녀', '#제주도에미친녀자']",2021-05-20,0,
"*청초밭 / 유기농산물주변이 오름과 산으로 병풍처럼 둘러싸인 천혜의 자연환경을 간직한 유기농 농장 청초밭은 자연순환농법만을 고집하고 농약이나 화학비료를 전혀 쓰지 않으며, 자연과 더불어 깨끗한 환경 속에서 생산되는 안전한 먹거리를 제공하기 위하여 최선을 다하는 친환경 농장 주소 : 서귀포시 표선면 성읍이리로57번길 34(성읍리 2497)시간 : 매일 10:00 - 18:00(입장마감 17시) #청초밭 #동백 #동백꽃 #제주동백 #제주자연명소 #제주도자연명소 #제주관광 #제주도관광 #제주가볼만한곳 #제주도가볼만한곳 #제주사진찍기좋은곳 #제주그램 #제주도그램 #제주여행 #제주도여행 #제주앓이 #제주살이 #제주일상 #제주라이프 #jejudo #jeju #jejuisland #jejutrip #제주 #제주도 #제미녀_서귀포시 #성원읍 #성읍리 #제미녀 #제주도에미친녀자","['#청초밭', '#동백', '#동백꽃', '#제주동백', '#제주자연명소', '#제주도자연명소', '#제주관광', '#제주도관광', '#제주가볼만한곳', '#제주도가볼만한곳', '#제주사진찍기좋은곳', '#제주그램', '#제주도그램', '#제주여행', '#제주도여행', '#제주앓이', '#제주살이', '#제주일상', '#제주라이프', '#jejudo', '#jeju', '#jejuisland', '#jejutrip', '#제주', '#제주도', '#제미녀_서귀포시', '#성원읍', '#성읍리', '#제미녀', '#제주도에미친녀자']",2020-12-03,0,청초밭영농조합법인
..화이자 독하네.6개월 늦은 사진..여기도 제주다.#제주도사진찍기좋은곳 #제주도풍경 #제주도여행 #제주도카페 #제주도숙소 #제주도맛집 #제주도사진 #제주도모델 #제주도스냅 #제주도산책 #제주도관광 #제주도핫플 #제주도웨딩 #제주도가볼만한곳 #제주도도민맛집 #한라산 #제주도웨딩스냅 #제주도사진명소 #제주도 #jeju #일출 #일몰 #제주도여행코스 #제주도숨은맛집 #유채꽃 #수국 #산책,"['#제주도사진찍기좋은곳', '#제주도풍경', '#제주도여행', '#제주도카페', '#제주도숙소', '#제주도맛집', '#제주도사진', '#제주도모델', '#제주도스냅', '#제주도산책', '#제주도관광', '#제주도핫플', '#제주도웨딩', '#제주도가볼만한곳', '#제주도도민맛집', '#한라산', '#제주도웨딩스냅', '#제주도사진명소', '#제주도', '#jeju', '#일출', '#일몰', '#제주도여행코스', '#제주도숨은맛집', '#유채꽃', '#수국', '#산책']",2021-08-17,0,
"*산방산 / 산,고개남서쪽 기슭, 해발고도 200m 지점에 산방굴이라는 자연 석굴이 있고, 그 안에 불상을 안치하여 이 굴을 산방굴사라고도 함. 산의 남쪽 해안에는 용머리해안과 하멜 표류 기념탑, 산방연대와 연디동산 전망대 등이 있어 다양하게 둘러볼 수 있음 주소 : 서귀포 안덕면 사계리 산 16 #산방산 #산방굴사 #용머리해안 #제주명소 #제주도명소 #제주관광 #제주도관광 #제주가볼만한곳 #제주도가볼만한곳 #제주그램 #제주도그램 #제주여행 #제주여행코스 #제주도여행 #제주앓이 #제주살이 #제주일상 #제주라이프 #jejudo #jeju #jejuisland #jejutrip #제주 #제주도 #제미녀_서귀포시 #안덕면 #사계리 #제미녀 #제주도에미친녀자","['#산방산', '#산방굴사', '#용머리해안', '#제주명소', '#제주도명소', '#제주관광', '#제주도관광', '#제주가볼만한곳', '#제주도가볼만한곳', '#제주그램', '#제주도그램', '#제주여행', '#제주여행코스', '#제주도여행', '#제주앓이', '#제주살이', '#제주일상', '#제주라이프', '#jejudo', '#jeju', '#jejuisland', '#jejutrip', '#제주', '#제주도', '#제미녀_서귀포시', '#안덕면', '#사계리', '#제미녀', '#제주도에미친녀자']",2020-12-19,0,제주도 산방산
"*이호테우말등대 / 자연명소제주의 조랑말을 형상화하여 만든 등대로, 빨간말과 하얀말 두마리가 각각 이호항의 안쪽 방파제와 바깥 방파제에 한마리씩 자리를 잡고 있음' 이 등대는 푸른 바다 배경과 잘 어울려 많은 사람들이 제주의 풍경과 추억사진을 찍기 좋은 곳으로 즐겨찾고 있으며, 꽤나 먼곳에서도 보이는 이 두 말 등대는 이호태우해변의 랜드마크로 자리잡음주소 : 제주시 이호일동 375-43#목마등대 #이호테우해수욕장 #이호해변 #제주바다 #제주도바다 #제주자연명소 #제주도자연명소 #제주관광 #제주도관광 #제주가볼만한곳 #제주도가볼만한곳 #제주사진찍기좋은곳 #제주그램 #제주도그램 #제주여행 #제주도여행 #제주앓이 #제주살이 #제주일상 #제주라이프 #jejudo #jeju #jejuisland #jejutrip #제주 #제주도 #제미녀_제주시 #이호일동 #제미녀 #제주도에미친녀자","['#목마등대', '#이호테우해수욕장', '#이호해변', '#제주바다', '#제주도바다', '#제주자연명소', '#제주도자연명소', '#제주관광', '#제주도관광', '#제주가볼만한곳', '#제주도가볼만한곳', '#제주사진찍기좋은곳', '#제주그램', '#제주도그램', '#제주여행', '#제주도여행', '#제주앓이', '#제주살이', '#제주일상', '#제주라이프', '#jejudo', '#jeju', '#jejuisland', '#jejutrip', '#제주', '#제주도', '#제미녀_제주시', '#이호일동', '#제미녀', '#제주도에미친녀자']",2020-10-15,0,이호테우 목마등대
"*알뜨르비행장 / 문화재이 작품은 ""최평곤""작가의 ""파랑새""라는 작품으로 동학 농민군들이 사용했던 죽창에서 영감을 얻어 대나무를 엮어서 만들었으며, 크기는 9m에 달함. 이 소녀와 파랑새는 알뜨르비행장의 풍경, 바람과 조우하여 평화의 메세지를 전달함주소 : 서귀포시 대정읍 상모리 1832 #알뜨르비행장소녀상 #알뜨르비행장 #파랑새 #다크투어리즘 #제주명소 #제주도명소 #제주관광 #제주도관광 #제주가볼만한곳 #제주도가볼만한곳 #제주그램 #제주도그램 #제주여행 #제주여행코스 #제주도여행 #제주앓이 #제주살이 #제주일상 #제주라이프 #jejudo #jeju #jejuisland #jejutrip #제주 #제주도 #제미녀_서귀포시 #대정읍 #상모리 #제미녀 #제주도에미친녀자","['#알뜨르비행장소녀상', '#알뜨르비행장', '#파랑새', '#다크투어리즘', '#제주명소', '#제주도명소', '#제주관광', '#제주도관광', '#제주가볼만한곳', '#제주도가볼만한곳', '#제주그램', '#제주도그램', '#제주여행', '#제주여행코스', '#제주도여행', '#제주앓이', '#제주살이', '#제주일상', '#제주라이프', '#jejudo', '#jeju', '#jejuisland', '#jejutrip', '#제주', '#제주도', '#제미녀_서귀포시', '#대정읍', '#상모리', '#제미녀', '#제주도에미친녀자']",2021-01-18,0,알뜨르비행장 및 일본군 비행기 격납고
"*카멜리아힐 / 식물원,수목원​동양에서 가장 큰 동백 수목원으로 6만여 평의 부지에는 가을부터 봄까지 시기를 달리해서 피는 80개국의 동백나무 500여 품종 6000여 그루가 울창한 숲을 이루고 있어요. 이 곳에 모든 꽃과 나무는 가드너의 손을 거쳐 자라난다고 합니다. 지금은 수국으로 가득 채워져있으니 꼭 들려보세요요금 : 성인-8.0, 청소년-6.0, 어린이-5.0주소 : 서귀포시 안덕면 병악로 166(상창리 271)시간 : 매일 08:30 - 19:00 (6~8월)매일 08:30 - 18:30 (3~5,9~11월)매일 08:30 - 18:00 (12~2월)*애견 8kg미만까지 입장가능 @camelliahilljeju#카멜리아힐 #제주동백 #제주수국 #제주도수국 #제주관광 #제주도관광 #제주가볼만한곳 #제주도가볼만한곳 #제주그램 #제주도그램 #제주여행 #제주도여행 #제주앓이 #제주살이 #제주일상 #제주라이프 #jejudo #jeju #jejuisland #jejutrip #제주 #제주도 #서귀포시 #제미녀_서귀포시 #안덕면 #상창리 #제미녀 #제주도에미친녀자 #일상 #소통","['#카멜리아힐', '#제주동백', '#제주수국', '#제주도수국', '#제주관광', '#제주도관광', '#제주가볼만한곳', '#제주도가볼만한곳', '#제주그램', '#제주도그램', '#제주여행', '#제주도여행', '#제주앓이', '#제주살이', '#제주일상', '#제주라이프', '#jejudo', '#jeju', '#jejuisland', '#jejutrip', '#제주', '#제주도', '#서귀포시', '#제미녀_서귀포시', '#안덕면', '#상창리', '#제미녀', '#제주도에미친녀자', '#일상', '#소통']",2021-06-03,0,카멜리아 힐
#사진한잔의여유⠀올해여름성세기해변에서 ⠀⠀,['#사진한잔의여유⠀올해여름성세기해변에서'],2021-08-19,0,김녕 성세기 해변
처서가 임박했습니다올 여름 마지막 콩국수가 아닐까요,[],2021-08-19,0,할망곰탕
"제주도 코로나19 4단계 집합금지 관련사항 안내드립니다.* 기간 : 별도공지시까지* 18시 이전 5인이상 탑승불가 (인수,반납불가)* 18시 이후 3인이상 탑승불가 (인수,반납불가)* 직계가족, 백신접종자, 영유아도 인원에 예외없음단. 등본상 거주공간이 동일한 가족구성원인경우는 인원제한 없습니다.(등본지참필수)사진자료 : #제주공항렌트카#제주도렌트카 #제주렌트카 #제주도여행 #제주여행#제주도렌터카 #제주렌터카 #제주도관광 #제주관광#코로나4단계 #제주도코로나 #제주코로나","['#제주공항렌트카', '#제주도렌트카', '#제주렌트카', '#제주도여행', '#제주여행', '#제주도렌터카', '#제주렌터카', '#제주도관광', '#제주관광', '#코로나4단계', '#제주도코로나', '#제주코로나']",2021-08-19,0,
선셋 환상적🌄⠀📷 by.kanna._⠀,[],2021-08-19,0,서귀포 법환포구
제주 거리두기 4단계 격상 안내⠀8월 18일부터 사회적 거리 두기 4단계가시행되었습니다.⠀사적 모임 6시 이후 2명 제한다중이용시설 밤 10시 이후 운영 제한⠀자세한 사항은 4단계 개편안을 참고하세요.⠀,[],2021-08-19,0,서귀포 법환포구
미친듯이 아름다웠던 사계 바다⠀내 최애 바다가 바뀐 날💕⠀📷 JINIQUEhttps://blog.naver.com/songk4637/222277208264⠀,[],2021-08-19,0,제주 사계해변
제주 거리두기 4단계 격상 안내⠀8월 18일부터 사회적 거리 두기 4단계가시행되었습니다.⠀사적 모임 6시 이후 2명 제한다중이용시설 밤 10시 이후 운영 제한⠀자세한 사항은 4단계 개편안을 참고하세요.⠀,[],2021-08-19,0,제주 사계해변
주변 풍경이 정말 아름다운 제주 하도리⠀하도 바다에서는 우도와 지미봉이 보여요🤭⠀📷 도도https://blog.naver.com/ontheroad_gh/222443485225⠀,[],2021-08-19,0,하도어촌계
제주 거리두기 4단계 격상 안내⠀8월 18일부터 사회적 거리 두기 4단계가시행되었습니다.⠀사적 모임 6시 이후 2명 제한다중이용시설 밤 10시 이후 운영 제한⠀자세한 사항은 4단계 개편안을 참고하세요.⠀,[],2021-08-19,0,하도어촌계
#아녜스의앞치마.와!날씨좋다 하면서 사진찍는데 갑자기 천둥번개 비가후두둑!!!요즘날씨 가늠할수가 없네요ㅎㅎ목요일 아녜스의 앞치마 활짝 열었습니다~~^^오늘은 6시까지 열어둘께요❤.📌주차는 가게 정면에 오른쪽 주차칸에 주차하시고만차시 바다방향으로 약50미터 정도 내려가시면주차 하실 수 있습니다🤗.📌버스 탑승시 201번 버스 탑승하시고 금산목 정류장에서 내려 바다 방향으로 3-5분정도내려오시면 됩니다 🤗...#제주#제주도#9월제주도가볼만한곳#8월제주도가볼만한곳#제주도관광#제주도가볼만한곳#제주도관광지#제주동쪽가볼만한곳#제주도갈만한곳#제주동부가볼만한곳#제주카페#제주도카페#제주여행추천#구좌읍카페#JEJU#행원리카페#제주구좌가볼만한곳#제주도꼭가봐야할곳#제주핫플레이스#제주도코스#뷰좋은카페#제주여행#제주도맛집추천#월정리카페#제주도예쁜카페#월정리맛집#제주도핫플레이스#제주도까페#제주뚜벅이여행,"['#아녜스의앞치마.와!날씨좋다', '#제주', '#제주도', '#9월제주도가볼만한곳', '#8월제주도가볼만한곳', '#제주도관광', '#제주도가볼만한곳', '#제주도관광지', '#제주동쪽가볼만한곳', '#제주도갈만한곳', '#제주동부가볼만한곳', '#제주카페', '#제주도카페', '#제주여행추천', '#구좌읍카페', '#JEJU', '#행원리카페', '#제주구좌가볼만한곳', '#제주도꼭가봐야할곳', '#제주핫플레이스', '#제주도코스', '#뷰좋은카페', '#제주여행', '#제주도맛집추천', '#월정리카페', '#제주도예쁜카페', '#월정리맛집', '#제주도핫플레이스', '#제주도까페', '#제주뚜벅이여행']",2021-08-19,0,아녜스의앞치마
..한의원을 가야하나 정형외과를 가까나~.6개월 늦은 사진..여기도 제주다.#제주도사진찍기좋은곳 #제주도풍경 #제주도여행 #제주도카페 #제주도숙소 #제주도맛집 #제주도사진 #제주도모델 #제주도스냅 #제주도산책 #제주도관광 #제주도핫플 #제주도웨딩 #제주도가볼만한곳 #제주도도민맛집 #한라산 #제주도웨딩스냅 #제주도사진명소 #제주도 #jeju #일출 #일몰 #제주도여행코스 #제주도숨은맛집 #유채꽃 #수국 #산책,"['#제주도사진찍기좋은곳', '#제주도풍경', '#제주도여행', '#제주도카페', '#제주도숙소', '#제주도맛집', '#제주도사진', '#제주도모델', '#제주도스냅', '#제주도산책', '#제주도관광', '#제주도핫플', '#제주도웨딩', '#제주도가볼만한곳', '#제주도도민맛집', '#한라산', '#제주도웨딩스냅', '#제주도사진명소', '#제주도', '#jeju', '#일출', '#일몰', '#제주도여행코스', '#제주도숨은맛집', '#유채꽃', '#수국', '#산책']",2021-08-19,0,
"⠀어서오세요 제주도에🌴⠀지역 특산품/명소를 소개하는여행 가이드북에 제격인 «모양 리플렛»차별화된 유니크한 디자인으로확실한 홍보 효과를 누려보세요!⠀여행지, 신제품, 가게홍보, 메뉴판 등다양한 곳에 활용할 수 있어요❤︎ ⠀",[],2021-08-19,0,아이앤피
제주 인생밥집⠀⠀⠀⠀⠀⠀⠀⠀⠀⠀⠀⠀⠀⠀⠀⠀⠀🕚 OPEN - 11:00⠀⠀⠀⠀⠀⠀⠀⠀⠀⠀⠀⠀🕕 CLOSED - 17:00⠀⠀⠀⠀⠀⠀⠀⠀⠀⠀⠀⠀⠀⠀⠀⠀⠀브레이크타임 없어요.예약은 받지 않고 오시는 순서대로 식사가능 하세요.싱싱한 해물과 신선한 야채로 그날 준비한 재료가 소진되면 조기마감 합니다. ⠀⠀⠀⠀⠀⠀⠀⠀⠀⠀⠀⠀⠀⠀⠀⠀⠀⠀⠀⠀⠀⠀⠀⠀⠀⠀⠀⠀⠀⠀⠀⠀⠀⠀🥣전복해물볶음밥 / 전복물회 / 전복딱새우장 정식⠀⠀⠀⠀⠀⠀⠀⠀⠀⠀⠀⠀⠀⠀⠀⠀⠀사는게니나노 ~ ♬인생밥집010-6501-5073주소는 제주시 한림읍 문교길6 ..⠀⠀⠀⠀⠀⠀⠀⠀⠀⠀⠀⠀⠀⠀⠀⠀⠀🅿️ 무료 공영 주차장 위치!! .⠀⠀⠀⠀⠀⠀⠀⠀⠀⠀⠀⠀⠀⠀⠀⠀⠀🚗 제주시 한림읍 한림리 1197-4🚘 제주시 한림읍 한림리 1198-3🚙 제주시 한림읍 한림리 943-9.걸어서 2분이내 거리에요~♡♡#제주금능해수욕장 #제주도 #제주도관광 #제주서귀포가볼만한곳 #제주도가볼만한곳 #제주날씨 #제주도날씨 #제주도펜션 #제주공항 #제주비행기 #제주도비행기 #제주맛집 #제주도맛집 #제주애월맛집 #강릉 #제주협재맛집 #제주한림맛집 #제주도애월맛집 #제주도성산맛집 #제주도협재맛집 #제주도한림맛집 #새별오름 #금오름 #비행기샷 #주변맛집 #내주변맛집 #오설록 #도두봉 #제주도해수욕장 #성산맛집,"['#제주금능해수욕장', '#제주도', '#제주도관광', '#제주서귀포가볼만한곳', '#제주도가볼만한곳', '#제주날씨', '#제주도날씨', '#제주도펜션', '#제주공항', '#제주비행기', '#제주도비행기', '#제주맛집', '#제주도맛집', '#제주애월맛집', '#강릉', '#제주협재맛집', '#제주한림맛집', '#제주도애월맛집', '#제주도성산맛집', '#제주도협재맛집', '#제주도한림맛집', '#새별오름', '#금오름', '#비행기샷', '#주변맛집', '#내주변맛집', '#오설록', '#도두봉', '#제주도해수욕장', '#성산맛집']",2021-08-18,0,
제주 인생밥집⠀⠀⠀⠀⠀⠀⠀⠀⠀⠀⠀⠀⠀⠀⠀⠀⠀🕚 OPEN - 11:00⠀⠀⠀⠀⠀⠀⠀⠀⠀⠀⠀⠀🕕 CLOSED - 17:00⠀⠀⠀⠀⠀⠀⠀⠀⠀⠀⠀⠀⠀⠀⠀⠀⠀브레이크타임 없어요.예약은 받지 않고 오시는 순서대로 식사가능 하세요.싱싱한 해물과 신선한 야채로 그날 준비한 재료가 소진되면 조기마감 합니다. ⠀⠀⠀⠀⠀⠀⠀⠀⠀⠀⠀⠀⠀⠀⠀⠀⠀⠀⠀⠀⠀⠀⠀⠀⠀⠀⠀⠀⠀⠀⠀⠀⠀⠀🥣전복해물볶음밥 / 전복물회 / 전복딱새우장 정식⠀⠀⠀⠀⠀⠀⠀⠀⠀⠀⠀⠀⠀⠀⠀⠀⠀사는게니나노 ~ ♬인생밥집010-6501-5073주소는 제주시 한림읍 문교길6 ..⠀⠀⠀⠀⠀⠀⠀⠀⠀⠀⠀⠀⠀⠀⠀⠀⠀🅿️ 무료 공영 주차장 위치!! .⠀⠀⠀⠀⠀⠀⠀⠀⠀⠀⠀⠀⠀⠀⠀⠀⠀🚗 제주시 한림읍 한림리 1197-4🚘 제주시 한림읍 한림리 1198-3🚙 제주시 한림읍 한림리 943-9.걸어서 2분이내 거리에요~♡♡#제주 #제주도 #제주도관광 #제주서귀포가볼만한곳 #제주도가볼만한곳 #제주날씨 #제주도날씨 #제주도펜션 #제주공항 #제주비행기 #제주도비행기 #제주맛집 #제주도맛집 #제주애월맛집 #청주 #제주협재맛집 #제주한림맛집 #제주도애월맛집 #제주도성산맛집 #제주도협재맛집 #제주도한림맛집 #새별오름 #금오름 #비행기샷 #주변맛집 #내주변맛집 #오설록 #도두봉 #함덕맛집 #성산맛집,"['#제주', '#제주도', '#제주도관광', '#제주서귀포가볼만한곳', '#제주도가볼만한곳', '#제주날씨', '#제주도날씨', '#제주도펜션', '#제주공항', '#제주비행기', '#제주도비행기', '#제주맛집', '#제주도맛집', '#제주애월맛집', '#청주', '#제주협재맛집', '#제주한림맛집', '#제주도애월맛집', '#제주도성산맛집', '#제주도협재맛집', '#제주도한림맛집', '#새별오름', '#금오름', '#비행기샷', '#주변맛집', '#내주변맛집', '#오설록', '#도두봉', '#함덕맛집', '#성산맛집']",2021-08-18,,
제주 인생밥집⠀⠀⠀⠀⠀⠀⠀⠀⠀⠀⠀⠀⠀⠀⠀⠀⠀🕚 OPEN - 11:00⠀⠀⠀⠀⠀⠀⠀⠀⠀⠀⠀⠀🕕 CLOSED - 17:00⠀⠀⠀⠀⠀⠀⠀⠀⠀⠀⠀⠀⠀⠀⠀⠀⠀브레이크타임 없어요.예약은 받지 않고 오시는 순서대로 식사가능 하세요.싱싱한 해물과 신선한 야채로 그날 준비한 재료가 소진되면 조기마감 합니다. ⠀⠀⠀⠀⠀⠀⠀⠀⠀⠀⠀⠀⠀⠀⠀⠀⠀⠀⠀⠀⠀⠀⠀⠀⠀⠀⠀⠀⠀⠀⠀⠀⠀⠀🥣전복해물볶음밥 / 전복물회 / 전복딱새우장 정식⠀⠀⠀⠀⠀⠀⠀⠀⠀⠀⠀⠀⠀⠀⠀⠀⠀사는게니나노 ~ ♬인생밥집010-6501-5073주소는 제주시 한림읍 문교길6 ..⠀⠀⠀⠀⠀⠀⠀⠀⠀⠀⠀⠀⠀⠀⠀⠀⠀🅿️ 무료 공영 주차장 위치!! .⠀⠀⠀⠀⠀⠀⠀⠀⠀⠀⠀⠀⠀⠀⠀⠀⠀🚗 제주시 한림읍 한림리 1197-4🚘 제주시 한림읍 한림리 1198-3🚙 제주시 한림읍 한림리 943-9.걸어서 2분이내 거리에요~♡♡#제주 #제주도 #제주도관광 #제주서귀포가볼만한곳 #제주도가볼만한곳 #제주날씨 #제주도날씨 #제주도펜션 #제주공항 #제주비행기 #제주도비행기 #제주맛집 #제주도맛집 #제주애월맛집 #광주 #제주협재맛집 #제주한림맛집 #제주도애월맛집 #제주도성산맛집 #제주도협재맛집 #제주도한림맛집 #새별오름 #금오름 #비행기샷 #주변맛집 #내주변맛집 #오설록 #도두봉 #함덕맛집 #성산맛집,"['#제주', '#제주도', '#제주도관광', '#제주서귀포가볼만한곳', '#제주도가볼만한곳', '#제주날씨', '#제주도날씨', '#제주도펜션', '#제주공항', '#제주비행기', '#제주도비행기', '#제주맛집', '#제주도맛집', '#제주애월맛집', '#광주', '#제주협재맛집', '#제주한림맛집', '#제주도애월맛집', '#제주도성산맛집', '#제주도협재맛집', '#제주도한림맛집', '#새별오름', '#금오름', '#비행기샷', '#주변맛집', '#내주변맛집', '#오설록', '#도두봉', '#함덕맛집', '#성산맛집']",2021-08-18,0,
제주 인생밥집⠀⠀⠀⠀⠀⠀⠀⠀⠀⠀⠀⠀⠀⠀⠀⠀⠀🕚 OPEN - 11:00⠀⠀⠀⠀⠀⠀⠀⠀⠀⠀⠀⠀🕕 CLOSED - 17:00⠀⠀⠀⠀⠀⠀⠀⠀⠀⠀⠀⠀⠀⠀⠀⠀⠀브레이크타임 없어요.예약은 받지 않고 오시는 순서대로 식사가능 하세요.싱싱한 해물과 신선한 야채로 그날 준비한 재료가 소진되면 조기마감 합니다. ⠀⠀⠀⠀⠀⠀⠀⠀⠀⠀⠀⠀⠀⠀⠀⠀⠀⠀⠀⠀⠀⠀⠀⠀⠀⠀⠀⠀⠀⠀⠀⠀⠀⠀🥣전복해물볶음밥 / 전복물회 / 전복딱새우장 정식⠀⠀⠀⠀⠀⠀⠀⠀⠀⠀⠀⠀⠀⠀⠀⠀⠀사는게니나노 ~ ♬인생밥집010-6501-5073주소는 제주시 한림읍 문교길6 ..⠀⠀⠀⠀⠀⠀⠀⠀⠀⠀⠀⠀⠀⠀⠀⠀⠀🅿️ 무료 공영 주차장 위치!! .⠀⠀⠀⠀⠀⠀⠀⠀⠀⠀⠀⠀⠀⠀⠀⠀⠀🚗 제주시 한림읍 한림리 1197-4🚘 제주시 한림읍 한림리 1198-3🚙 제주시 한림읍 한림리 943-9.걸어서 2분이내 거리에요~♡♡#제주 #제주도 #제주도관광 #제주서귀포가볼만한곳 #제주도가볼만한곳 #제주날씨 #제주도날씨 #제주도펜션 #제주공항 #제주비행기 #제주도비행기 #제주맛집 #제주도맛집 #제주애월맛집 #대전 #제주협재맛집 #제주한림맛집 #제주도애월맛집 #제주도성산맛집 #제주도협재맛집 #제주도한림맛집 #새별오름 #금오름 #비행기샷 #주변맛집 #내주변맛집 #오설록 #도두봉 #함덕맛집 #성산맛집,"['#제주', '#제주도', '#제주도관광', '#제주서귀포가볼만한곳', '#제주도가볼만한곳', '#제주날씨', '#제주도날씨', '#제주도펜션', '#제주공항', '#제주비행기', '#제주도비행기', '#제주맛집', '#제주도맛집', '#제주애월맛집', '#대전', '#제주협재맛집', '#제주한림맛집', '#제주도애월맛집', '#제주도성산맛집', '#제주도협재맛집', '#제주도한림맛집', '#새별오름', '#금오름', '#비행기샷', '#주변맛집', '#내주변맛집', '#오설록', '#도두봉', '#함덕맛집', '#성산맛집']",2021-08-18,0,
제주 인생밥집⠀⠀⠀⠀⠀⠀⠀⠀⠀⠀⠀⠀⠀⠀⠀⠀⠀🕚 OPEN - 11:00⠀⠀⠀⠀⠀⠀⠀⠀⠀⠀⠀⠀🕕 CLOSED - 17:00⠀⠀⠀⠀⠀⠀⠀⠀⠀⠀⠀⠀⠀⠀⠀⠀⠀브레이크타임 없어요.예약은 받지 않고 오시는 순서대로 식사가능 하세요.싱싱한 해물과 신선한 야채로 그날 준비한 재료가 소진되면 조기마감 합니다. ⠀⠀⠀⠀⠀⠀⠀⠀⠀⠀⠀⠀⠀⠀⠀⠀⠀⠀⠀⠀⠀⠀⠀⠀⠀⠀⠀⠀⠀⠀⠀⠀⠀⠀🥣전복해물볶음밥 / 전복물회 / 전복딱새우장 정식⠀⠀⠀⠀⠀⠀⠀⠀⠀⠀⠀⠀⠀⠀⠀⠀⠀사는게니나노 ~ ♬인생밥집010-6501-5073주소는 제주시 한림읍 문교길6 ..⠀⠀⠀⠀⠀⠀⠀⠀⠀⠀⠀⠀⠀⠀⠀⠀⠀🅿️ 무료 공영 주차장 위치!! .⠀⠀⠀⠀⠀⠀⠀⠀⠀⠀⠀⠀⠀⠀⠀⠀⠀🚗 제주시 한림읍 한림리 1197-4🚘 제주시 한림읍 한림리 1198-3🚙 제주시 한림읍 한림리 943-9.걸어서 2분이내 거리에요~♡♡#제주 #제주도 #제주도관광 #제주서귀포가볼만한곳 #제주도가볼만한곳 #제주날씨 #제주도날씨 #제주도펜션 #제주공항 #제주비행기 #제주도비행기 #제주맛집 #제주도맛집 #제주애월맛집 #제주성산맛집 #제주협재맛집 #제주한림맛집 #제주도애월맛집 #제주도성산맛집 #제주도협재맛집 #제주도한림맛집 #새별오름 #금오름 #비행기샷 #주변맛집 #내주변맛집 #오설록 #도두봉 #함덕맛집 #성산맛집,"['#제주', '#제주도', '#제주도관광', '#제주서귀포가볼만한곳', '#제주도가볼만한곳', '#제주날씨', '#제주도날씨', '#제주도펜션', '#제주공항', '#제주비행기', '#제주도비행기', '#제주맛집', '#제주도맛집', '#제주애월맛집', '#제주성산맛집', '#제주협재맛집', '#제주한림맛집', '#제주도애월맛집', '#제주도성산맛집', '#제주도협재맛집', '#제주도한림맛집', '#새별오름', '#금오름', '#비행기샷', '#주변맛집', '#내주변맛집', '#오설록', '#도두봉', '#함덕맛집', '#성산맛집']",2021-08-18,0,
제주 인생밥집⠀⠀⠀⠀⠀⠀⠀⠀⠀⠀⠀⠀⠀⠀⠀⠀⠀🕚 OPEN - 11:00⠀⠀⠀⠀⠀⠀⠀⠀⠀⠀⠀⠀🕕 CLOSED - 17:00⠀⠀⠀⠀⠀⠀⠀⠀⠀⠀⠀⠀⠀⠀⠀⠀⠀브레이크타임 없어요.예약은 받지 않고 오시는 순서대로 식사가능 하세요.싱싱한 해물과 신선한 야채로 그날 준비한 재료가 소진되면 조기마감 합니다. ⠀⠀⠀⠀⠀⠀⠀⠀⠀⠀⠀⠀⠀⠀⠀⠀⠀⠀⠀⠀⠀⠀⠀⠀⠀⠀⠀⠀⠀⠀⠀⠀⠀⠀🥣전복해물볶음밥 / 전복물회 / 전복딱새우장 정식⠀⠀⠀⠀⠀⠀⠀⠀⠀⠀⠀⠀⠀⠀⠀⠀⠀사는게니나노 ~ ♬인생밥집010-6501-5073주소는 제주시 한림읍 문교길6 ..⠀⠀⠀⠀⠀⠀⠀⠀⠀⠀⠀⠀⠀⠀⠀⠀⠀🅿️ 무료 공영 주차장 위치!! .⠀⠀⠀⠀⠀⠀⠀⠀⠀⠀⠀⠀⠀⠀⠀⠀⠀🚗 제주시 한림읍 한림리 1197-4🚘 제주시 한림읍 한림리 1198-3🚙 제주시 한림읍 한림리 943-9.걸어서 2분이내 거리에요~♡♡#제주도맛집 #제주도날씨 #제주도항공권 #제주도렌트카 #제주애월맛집 #제주도지도 #제주공항근처맛집 #제주맛집 #제주도관광 #제주도가볼만한곳 #제주도숙소 #제주도게스트하우스 #제주성산맛집 #제주시맛집 #제주중문맛집 #제주도맛집리스트 #제주도맛집지도 #제주도맛집추천 #제주도 #제주맛집추천 #애월맛집 #협재맛집 #한림맛집 #협재해수욕장 #새별오름 #금오름 #해운대맛집 #서귀포맛집 #제주동문시장 #오설록,"['#제주도맛집', '#제주도날씨', '#제주도항공권', '#제주도렌트카', '#제주애월맛집', '#제주도지도', '#제주공항근처맛집', '#제주맛집', '#제주도관광', '#제주도가볼만한곳', '#제주도숙소', '#제주도게스트하우스', '#제주성산맛집', '#제주시맛집', '#제주중문맛집', '#제주도맛집리스트', '#제주도맛집지도', '#제주도맛집추천', '#제주도', '#제주맛집추천', '#애월맛집', '#협재맛집', '#한림맛집', '#협재해수욕장', '#새별오름', '#금오름', '#해운대맛집', '#서귀포맛집', '#제주동문시장', '#오설록']",2021-08-18,0,
용머리해안🐉...제주도 가면 맨날 다이빙만 하다가관광도 하니 짱 좋았음😘..#오늘아님주의 #제주도여행 #제주도관광 #용머리해안 #여행스타그램 #부부스타그램💏,"['#오늘아님주의', '#제주도여행', '#제주도관광', '#용머리해안', '#여행스타그램', '#부부스타그램💏']",2021-08-18,0,용머리해안
#사진한잔의여유⠀제주시골에 어느 한 카페일거같지만 마을에 한 구옥파란하늘에 파란지붕을 보고있으니죄송하게도 셔터를 누르고 말았다⠀⠀,['#사진한잔의여유⠀제주시골에'],2021-08-18,0,제주특별자치도 구좌읍 행원리
#제주살이끝☺️ #즐거운시간🎶 #제주도한달살기 #이호테우 #제주바다 #바다 #제주 #내일떠나요 #제주도 #jejuweather #제주도날씨 #제주날씨 #완도배편 #실버클라우드호🛳 #제주도안녕 #이제서울로가자 #즐거웠다 #다시올게 #제주도관광 #도두봉 #도두봉오름 #이호테우목마등대🦄,"['#제주살이끝☺️', '#즐거운시간🎶', '#제주도한달살기', '#이호테우', '#제주바다', '#바다', '#제주', '#내일떠나요', '#제주도', '#jejuweather', '#제주도날씨', '#제주날씨', '#완도배편', '#실버클라우드호🛳', '#제주도안녕', '#이제서울로가자', '#즐거웠다', '#다시올게', '#제주도관광', '#도두봉', '#도두봉오름', '#이호테우목마등대🦄']",2021-08-18,0,
자연을 사랑하지만 살 수는 없어요 #나는야도시인 #현주x제주,"['#나는야도시인', '#현주x제주']",2021-08-18,0,성산일출봉
-동백키친 속 작은감성 악세사리🧡동백샾🧡여름에 쨍한색상컬러로 인기있었던실버원석반지 가을톤으로색상다운되서 나왔어요🙊오묘한색상 너무예뻐요✨구경오세요👀동백샾 반지 모두 은 92.5%로 실버제품입니다.@jeju_dongbaek_kitchen 동백키친 속 작은감성악세사리샾✨영업시간은 동백키친과 같아요!Open 11:00Close 20:00목요일은 휴무입니다.메뉴기다리시는 동안 구경하기도 좋아요😊--#제주도 #제주서쪽 #한림 #협재 #애월 #제주가볼만한곳 #제주도관광#협재해수욕장 #금능해수욕장 #감성소품 #감성 #악세사리 #동백키친 #파스타맛집 #한림맛집 #제주도민맛집 #이어링 #귀걸이 #반지 #원석반지 #원석귀걸이 #실버악세사리 #실버925 #감성샾 #프랑스산 #셀룰로오즈#셀룰로오스 #집게핀 #스타일링 #ootd,"['#제주도', '#제주서쪽', '#한림', '#협재', '#애월', '#제주가볼만한곳', '#제주도관광', '#협재해수욕장', '#금능해수욕장', '#감성소품', '#감성', '#악세사리', '#동백키친', '#파스타맛집', '#한림맛집', '#제주도민맛집', '#이어링', '#귀걸이', '#반지', '#원석반지', '#원석귀걸이', '#실버악세사리', '#실버925', '#감성샾', '#프랑스산', '#셀룰로오즈', '#셀룰로오스', '#집게핀', '#스타일링', '#ootd']",2021-08-18,0,제주도 한림
섬이 보이는 제주 앞바다에서커피 한잔의 여유를☕️⠀📷 감미롭다 제주https://blog.naver.com/junghye777/222324530082⠀,[],2021-08-18,0,서귀포 법환포구
법환 바다에서 바람 느끼기🌪⠀📷 jeju._.rani⠀,[],2021-08-18,0,서귀포 법환포구
사계 바다에 바람 불던 날🙂⠀📷 윤슬https://blog.naver.com/shaeju/221653739750⠀,[],2021-08-18,0,제주 사계해변
울타리 위에아슬아슬하게 놓여진 현무암⠀누가 쌓아 놓은 걸까🤔⠀📷 루시https://blog.naver.com/jhj8637/222391173663⠀,[],2021-08-18,0,제주 사계해변
하도에서 세화 가는 길⠀눈 내린 한라산이 보이는겨울 드라이브🚗⠀📷 머시블루https://blog.naver.com/mercyblu/222274325129⠀,[],2021-08-18,0,
"하도마을 바릇잡이 체험을 소개합니다🙌⠀바릇잡이란얕은 바닷가에서보말, 거북손, 게, 삿갓조개, 따개비, 청각 등을잡는 행위를 일컫는 순수 제주어입니다.⠀얕은 바다에서 채취가 가능해어린 아이들도 손쉽게 즐길 수 있답니다😃⠀여름이 가기 전온 가족이 함께 바릇잡이를 즐겨보세요😆⠀해녀체험 시바릇잡이 체험이 무료!⠀",[],2021-08-18,0,하도어촌계
#노형수퍼마켙 YouTube 보고 배운 실력 👏🏻칭찬합니다.,['#노형수퍼마켙'],2021-08-18,0,Jeju-do
🙏7/22-9/30 임시휴장을 진행하오니 방문시 참고 부탁드립니다!#제주 #탐나라공화국,"['#제주', '#탐나라공화국']",2021-08-18,0,제주탐나라공화국
"ㆍ여러 번의 화산 폭발로 만들어진 368개의 오름.전 세계에서 가장 뜨거운 땅 제주.저는 이곳에서 이야기를 전하는 조한일 도슨트입니다.겉으로 볼 때는 보통의 산처럼 보일지 몰라도,속을 들여다보면 분화구가 펼쳐지며 오름의 또 다른 매력이 나타납니다.겉과 속이 다른 곳. 그곳이 바로 오름입니다.따로 또 같이.오름 도슨트 투어 속에서 하나 둘 친구가 되고제주의 자연과 한 몸이 됩니다.상상하지 못했던 신비로운 시간이바로 여기, 오름에서 시작됩니다.",[],2021-08-18,0,금오름
제주 인생밥집⠀⠀⠀⠀⠀⠀⠀⠀⠀⠀⠀⠀⠀⠀⠀⠀⠀🕚 OPEN - 11:00⠀⠀⠀⠀⠀⠀⠀⠀⠀⠀⠀⠀🕕 CLOSED - 17:00⠀⠀⠀⠀⠀⠀⠀⠀⠀⠀⠀⠀⠀⠀⠀⠀⠀브레이크타임 없어요.예약은 받지 않고 오시는 순서대로 식사가능 하세요.싱싱한 해물과 신선한 야채로 그날 준비한 재료가 소진되면 조기마감 합니다. ⠀⠀⠀⠀⠀⠀⠀⠀⠀⠀⠀⠀⠀⠀⠀⠀⠀⠀⠀⠀⠀⠀⠀⠀⠀⠀⠀⠀⠀⠀⠀⠀⠀⠀🥣전복해물볶음밥 / 전복물회 / 전복딱새우장 정식⠀⠀⠀⠀⠀⠀⠀⠀⠀⠀⠀⠀⠀⠀⠀⠀⠀사는게니나노 ~ ♬인생밥집010-6501-5073주소는 제주시 한림읍 문교길6 ..⠀⠀⠀⠀⠀⠀⠀⠀⠀⠀⠀⠀⠀⠀⠀⠀⠀🅿️ 무료 공영 주차장 위치!! .⠀⠀⠀⠀⠀⠀⠀⠀⠀⠀⠀⠀⠀⠀⠀⠀⠀🚗 제주시 한림읍 한림리 1197-4🚘 제주시 한림읍 한림리 1198-3🚙 제주시 한림읍 한림리 943-9.걸어서 2분이내 거리에요~♡♡#제주 #제주도 #제주도관광 #제주서귀포가볼만한곳 #제주도가볼만한곳 #제주날씨 #제주도날씨 #제주도펜션 #제주공항 #제주비행기 #제주도비행기 #제주맛집 #제주도맛집 #제주애월맛집 #청주 #제주협재맛집 #제주한림맛집 #제주도애월맛집 #제주도성산맛집 #제주도협재맛집 #제주도한림맛집 #새별오름 #금오름 #비행기샷 #주변맛집 #내주변맛집 #오설록 #도두봉 #함덕맛집 #성산맛집,"['#제주', '#제주도', '#제주도관광', '#제주서귀포가볼만한곳', '#제주도가볼만한곳', '#제주날씨', '#제주도날씨', '#제주도펜션', '#제주공항', '#제주비행기', '#제주도비행기', '#제주맛집', '#제주도맛집', '#제주애월맛집', '#청주', '#제주협재맛집', '#제주한림맛집', '#제주도애월맛집', '#제주도성산맛집', '#제주도협재맛집', '#제주도한림맛집', '#새별오름', '#금오름', '#비행기샷', '#주변맛집', '#내주변맛집', '#오설록', '#도두봉', '#함덕맛집', '#성산맛집']",2021-08-17,0,
제주 인생밥집⠀⠀⠀⠀⠀⠀⠀⠀⠀⠀⠀⠀⠀⠀⠀⠀⠀🕚 OPEN - 11:00⠀⠀⠀⠀⠀⠀⠀⠀⠀⠀⠀⠀🕕 CLOSED - 17:00⠀⠀⠀⠀⠀⠀⠀⠀⠀⠀⠀⠀⠀⠀⠀⠀⠀브레이크타임 없어요.예약은 받지 않고 오시는 순서대로 식사가능 하세요.싱싱한 해물과 신선한 야채로 그날 준비한 재료가 소진되면 조기마감 합니다. ⠀⠀⠀⠀⠀⠀⠀⠀⠀⠀⠀⠀⠀⠀⠀⠀⠀⠀⠀⠀⠀⠀⠀⠀⠀⠀⠀⠀⠀⠀⠀⠀⠀⠀🥣전복해물볶음밥 / 전복물회 / 전복딱새우장 정식⠀⠀⠀⠀⠀⠀⠀⠀⠀⠀⠀⠀⠀⠀⠀⠀⠀사는게니나노 ~ ♬인생밥집010-6501-5073주소는 제주시 한림읍 문교길6 ..⠀⠀⠀⠀⠀⠀⠀⠀⠀⠀⠀⠀⠀⠀⠀⠀⠀🅿️ 무료 공영 주차장 위치!! .⠀⠀⠀⠀⠀⠀⠀⠀⠀⠀⠀⠀⠀⠀⠀⠀⠀🚗 제주시 한림읍 한림리 1197-4🚘 제주시 한림읍 한림리 1198-3🚙 제주시 한림읍 한림리 943-9.걸어서 2분이내 거리에요~♡♡#제주 #제주도 #제주도관광 #제주서귀포가볼만한곳 #제주도가볼만한곳 #제주날씨 #제주도날씨 #제주도펜션 #제주공항 #제주비행기 #제주도비행기 #제주맛집 #제주도맛집 #제주애월맛집 #광주 #제주협재맛집 #제주한림맛집 #제주도애월맛집 #제주도성산맛집 #제주도협재맛집 #제주도한림맛집 #새별오름 #금오름 #비행기샷 #주변맛집 #내주변맛집 #오설록 #도두봉 #함덕맛집 #성산맛집,"['#제주', '#제주도', '#제주도관광', '#제주서귀포가볼만한곳', '#제주도가볼만한곳', '#제주날씨', '#제주도날씨', '#제주도펜션', '#제주공항', '#제주비행기', '#제주도비행기', '#제주맛집', '#제주도맛집', '#제주애월맛집', '#광주', '#제주협재맛집', '#제주한림맛집', '#제주도애월맛집', '#제주도성산맛집', '#제주도협재맛집', '#제주도한림맛집', '#새별오름', '#금오름', '#비행기샷', '#주변맛집', '#내주변맛집', '#오설록', '#도두봉', '#함덕맛집', '#성산맛집']",2021-08-17,0,
제주 인생밥집⠀⠀⠀⠀⠀⠀⠀⠀⠀⠀⠀⠀⠀⠀⠀⠀⠀🕚 OPEN - 11:00⠀⠀⠀⠀⠀⠀⠀⠀⠀⠀⠀⠀🕕 CLOSED - 17:00⠀⠀⠀⠀⠀⠀⠀⠀⠀⠀⠀⠀⠀⠀⠀⠀⠀브레이크타임 없어요.예약은 받지 않고 오시는 순서대로 식사가능 하세요.싱싱한 해물과 신선한 야채로 그날 준비한 재료가 소진되면 조기마감 합니다. ⠀⠀⠀⠀⠀⠀⠀⠀⠀⠀⠀⠀⠀⠀⠀⠀⠀⠀⠀⠀⠀⠀⠀⠀⠀⠀⠀⠀⠀⠀⠀⠀⠀⠀🥣전복해물볶음밥 / 전복물회 / 전복딱새우장 정식⠀⠀⠀⠀⠀⠀⠀⠀⠀⠀⠀⠀⠀⠀⠀⠀⠀사는게니나노 ~ ♬인생밥집010-6501-5073주소는 제주시 한림읍 문교길6 ..⠀⠀⠀⠀⠀⠀⠀⠀⠀⠀⠀⠀⠀⠀⠀⠀⠀🅿️ 무료 공영 주차장 위치!! .⠀⠀⠀⠀⠀⠀⠀⠀⠀⠀⠀⠀⠀⠀⠀⠀⠀🚗 제주시 한림읍 한림리 1197-4🚘 제주시 한림읍 한림리 1198-3🚙 제주시 한림읍 한림리 943-9.걸어서 2분이내 거리에요~♡♡#제주 #제주도 #제주도관광 #제주서귀포가볼만한곳 #제주도가볼만한곳 #제주날씨 #제주도날씨 #제주도펜션 #제주공항 #제주비행기 #제주도비행기 #제주맛집 #제주도맛집 #제주애월맛집 #대전 #제주협재맛집 #제주한림맛집 #제주도애월맛집 #제주도성산맛집 #제주도협재맛집 #제주도한림맛집 #새별오름 #금오름 #비행기샷 #주변맛집 #내주변맛집 #오설록 #도두봉 #함덕맛집 #성산맛집,"['#제주', '#제주도', '#제주도관광', '#제주서귀포가볼만한곳', '#제주도가볼만한곳', '#제주날씨', '#제주도날씨', '#제주도펜션', '#제주공항', '#제주비행기', '#제주도비행기', '#제주맛집', '#제주도맛집', '#제주애월맛집', '#대전', '#제주협재맛집', '#제주한림맛집', '#제주도애월맛집', '#제주도성산맛집', '#제주도협재맛집', '#제주도한림맛집', '#새별오름', '#금오름', '#비행기샷', '#주변맛집', '#내주변맛집', '#오설록', '#도두봉', '#함덕맛집', '#성산맛집']",2021-08-17,0,
제주 인생밥집⠀⠀⠀⠀⠀⠀⠀⠀⠀⠀⠀⠀⠀⠀⠀⠀⠀🕚 OPEN - 11:00⠀⠀⠀⠀⠀⠀⠀⠀⠀⠀⠀⠀🕕 CLOSED - 17:00⠀⠀⠀⠀⠀⠀⠀⠀⠀⠀⠀⠀⠀⠀⠀⠀⠀브레이크타임 없어요.예약은 받지 않고 오시는 순서대로 식사가능 하세요.싱싱한 해물과 신선한 야채로 그날 준비한 재료가 소진되면 조기마감 합니다. ⠀⠀⠀⠀⠀⠀⠀⠀⠀⠀⠀⠀⠀⠀⠀⠀⠀⠀⠀⠀⠀⠀⠀⠀⠀⠀⠀⠀⠀⠀⠀⠀⠀⠀🥣전복해물볶음밥 / 전복물회 / 전복딱새우장 정식⠀⠀⠀⠀⠀⠀⠀⠀⠀⠀⠀⠀⠀⠀⠀⠀⠀사는게니나노 ~ ♬인생밥집010-6501-5073주소는 제주시 한림읍 문교길6 ..⠀⠀⠀⠀⠀⠀⠀⠀⠀⠀⠀⠀⠀⠀⠀⠀⠀🅿️ 무료 공영 주차장 위치!! .⠀⠀⠀⠀⠀⠀⠀⠀⠀⠀⠀⠀⠀⠀⠀⠀⠀🚗 제주시 한림읍 한림리 1197-4🚘 제주시 한림읍 한림리 1198-3🚙 제주시 한림읍 한림리 943-9.걸어서 2분이내 거리에요~♡♡#제주 #제주도 #제주도관광 #제주서귀포가볼만한곳 #제주도가볼만한곳 #제주날씨 #제주도날씨 #제주도펜션 #제주공항 #제주비행기 #제주도비행기 #제주맛집 #제주도맛집 #제주애월맛집 #제주성산맛집 #제주협재맛집 #제주한림맛집 #제주도애월맛집 #제주도성산맛집 #제주도협재맛집 #제주도한림맛집 #새별오름 #금오름 #비행기샷 #주변맛집 #내주변맛집 #오설록 #도두봉 #함덕맛집 #성산맛집,"['#제주', '#제주도', '#제주도관광', '#제주서귀포가볼만한곳', '#제주도가볼만한곳', '#제주날씨', '#제주도날씨', '#제주도펜션', '#제주공항', '#제주비행기', '#제주도비행기', '#제주맛집', '#제주도맛집', '#제주애월맛집', '#제주성산맛집', '#제주협재맛집', '#제주한림맛집', '#제주도애월맛집', '#제주도성산맛집', '#제주도협재맛집', '#제주도한림맛집', '#새별오름', '#금오름', '#비행기샷', '#주변맛집', '#내주변맛집', '#오설록', '#도두봉', '#함덕맛집', '#성산맛집']",2021-08-17,0,
제주 인생밥집⠀⠀⠀⠀⠀⠀⠀⠀⠀⠀⠀⠀⠀⠀⠀⠀⠀🕚 OPEN - 11:00⠀⠀⠀⠀⠀⠀⠀⠀⠀⠀⠀⠀🕕 CLOSED - 17:00⠀⠀⠀⠀⠀⠀⠀⠀⠀⠀⠀⠀⠀⠀⠀⠀⠀브레이크타임 없어요.예약은 받지 않고 오시는 순서대로 식사가능 하세요.싱싱한 해물과 신선한 야채로 그날 준비한 재료가 소진되면 조기마감 합니다. ⠀⠀⠀⠀⠀⠀⠀⠀⠀⠀⠀⠀⠀⠀⠀⠀⠀⠀⠀⠀⠀⠀⠀⠀⠀⠀⠀⠀⠀⠀⠀⠀⠀⠀🥣전복해물볶음밥 / 전복물회 / 전복딱새우장 정식⠀⠀⠀⠀⠀⠀⠀⠀⠀⠀⠀⠀⠀⠀⠀⠀⠀사는게니나노 ~ ♬인생밥집010-6501-5073주소는 제주시 한림읍 문교길6 ..⠀⠀⠀⠀⠀⠀⠀⠀⠀⠀⠀⠀⠀⠀⠀⠀⠀🅿️ 무료 공영 주차장 위치!! .⠀⠀⠀⠀⠀⠀⠀⠀⠀⠀⠀⠀⠀⠀⠀⠀⠀🚗 제주시 한림읍 한림리 1197-4🚘 제주시 한림읍 한림리 1198-3🚙 제주시 한림읍 한림리 943-9.걸어서 2분이내 거리에요~♡♡#제주도맛집 #제주도날씨 #제주도항공권 #제주도렌트카 #제주애월맛집 #제주도지도 #제주공항근처맛집 #제주맛집 #제주도관광 #제주도가볼만한곳 #제주도숙소 #제주도게스트하우스 #제주성산맛집 #제주시맛집 #제주중문맛집 #제주도맛집리스트 #제주도맛집지도 #제주도맛집추천 #제주도 #제주맛집추천 #애월맛집 #협재맛집 #한림맛집 #협재해수욕장 #새별오름 #금오름 #해운대맛집 #서귀포맛집 #제주동문시장 #오설록,"['#제주도맛집', '#제주도날씨', '#제주도항공권', '#제주도렌트카', '#제주애월맛집', '#제주도지도', '#제주공항근처맛집', '#제주맛집', '#제주도관광', '#제주도가볼만한곳', '#제주도숙소', '#제주도게스트하우스', '#제주성산맛집', '#제주시맛집', '#제주중문맛집', '#제주도맛집리스트', '#제주도맛집지도', '#제주도맛집추천', '#제주도', '#제주맛집추천', '#애월맛집', '#협재맛집', '#한림맛집', '#협재해수욕장', '#새별오름', '#금오름', '#해운대맛집', '#서귀포맛집', '#제주동문시장', '#오설록']",2021-08-17,0,
"✨여기다제주 8.15 광복절 기념X뉴욕 타임스퀘어 전광판 광고✨여기다제주가 광복절을 기념하여 유명 디자이너의 한복을 협찬받아 진행한 뉴욕 타임스퀘어 광고를 성황리에 마쳤습니다. 너무 자랑스럽습니다👏🏻👏🏻👏🏻여기다제주는 보다 편리한 제주도 여행을 위해 카카오톡 챗봇 서비스를 제공합니다. 단순히 서비스만을 제공하는 차원을 넘어 우리나라 뿐만 아니라 전 세계에 제주도를 알리기 위해 힘쓰고 있습니다. 이번 촬영을 무사히 마치게 해준 배우님들 그리고 도와주신 모든 분들께 너무 감사드립니다.❤️ 여기다제주는 제주도 여행을 편리하게 할 수 있게 오직 소비자의 편리만을 생각하여 개발하였습니다. 제주도의 모든 정보와 지도를 이용한 여행 스케줄 만들기, 친구와 공유하고 목적지 안내까지 한 번에 가능한 서비스입니다.많은 관심과 이용 부탁드립니다🙏🏻✨",[],2021-08-17,0,"Times Square, New York City"
코업시티호텔 성산과자 + 맥주2020.05.23#제주도 #jeju #제주도여행 #제주도한달살기 #제주한달살기 #한달살기 #제주여행 #제주도관광 #제주도관광지 #제주도관광지추천 #제주도여행지 #제주도여행지추천 #제주가볼만한곳 #제주도가볼만한곳 #제주도호텔 #제주호텔 #제주코업시티호텔 #제주도코업시티호텔 #제주코업시티호텔성산 #제주도코업시티호텔성산 #호텔 #제주도성산호텔 #제주성산호텔 #제주호텔추천 #제주도호텔추천 #제주도성산호텔추천 #제주성산호텔추천 #서귀포시호텔추천 #서귀포호텔추천 #서귀포호텔,"['#제주도', '#jeju', '#제주도여행', '#제주도한달살기', '#제주한달살기', '#한달살기', '#제주여행', '#제주도관광', '#제주도관광지', '#제주도관광지추천', '#제주도여행지', '#제주도여행지추천', '#제주가볼만한곳', '#제주도가볼만한곳', '#제주도호텔', '#제주호텔', '#제주코업시티호텔', '#제주도코업시티호텔', '#제주코업시티호텔성산', '#제주도코업시티호텔성산', '#호텔', '#제주도성산호텔', '#제주성산호텔', '#제주호텔추천', '#제주도호텔추천', '#제주도성산호텔추천', '#제주성산호텔추천', '#서귀포시호텔추천', '#서귀포호텔추천', '#서귀포호텔']",2021-08-17,0,코업시티호텔 성산
#사진한잔의여유⠀항몽유적지에 백일홍🌸비온뒤에 더 생동감 있는너무 늦은 방문이었나사람이 별로 없었다😅⠀⠀📍애월읍 고성리 1126-1,['#사진한잔의여유⠀항몽유적지에'],2021-08-17,0,항파두리 항몽유적지
"다랑쉬오름, 월랑봉2020.05.23#제주도 #jeju #제주도여행 #제주도한달살기 #제주한달살기 #한달살기 #제주여행 #제주도관광 #제주도관광지 #제주도관광지추천 #제주도여행지 #제주도여행지추천 #제주가볼만한곳 #제주도가볼만한곳 #제주도오름추천 #제주오름추천 #인생샷 #인생사진 #프사 #프로필사진 #제주도쉬운오름 #제주쉬운오름 #제주도오름쉬운곳 #제주오름쉬운곳 #제주도오름쉬운코스 #제주오름쉬운코스 #다랑쉬오름 #월랑봉 #제주다랑쉬오름 #제주도다랑쉬오름","['#제주도', '#jeju', '#제주도여행', '#제주도한달살기', '#제주한달살기', '#한달살기', '#제주여행', '#제주도관광', '#제주도관광지', '#제주도관광지추천', '#제주도여행지', '#제주도여행지추천', '#제주가볼만한곳', '#제주도가볼만한곳', '#제주도오름추천', '#제주오름추천', '#인생샷', '#인생사진', '#프사', '#프로필사진', '#제주도쉬운오름', '#제주쉬운오름', '#제주도오름쉬운곳', '#제주오름쉬운곳', '#제주도오름쉬운코스', '#제주오름쉬운코스', '#다랑쉬오름', '#월랑봉', '#제주다랑쉬오름', '#제주도다랑쉬오름']",2021-08-17,0,다랑쉬오름
#달빛좋은밤#제주달빛좋은밤 낮에도 저녁에도 뷰맛집푸짐하고 맛있는파스타&흑돼지떡갈비제주 달빛좋은밤🌙제주 달빛좋은밤☕Coffee&Dessert🧁Restaurant🍽🏝제주특별자치도 제주시 한림읍 한림로 424-1 2층🕚AM 11:00 ~ AM 00:00#제주맛집 #제주파스타맛집 #제주협재맛집 #제주한림맛집 #협재해수욕장맛집 #제주협재포구맛집 #제주현지인맛집 #제주협재가볼만한곳 #제주도관광 #제주시맛집 #제주도핫플레이스 #제주도카페 #제주도꼭가야할곳,"['#달빛좋은밤', '#제주달빛좋은밤', '#제주맛집', '#제주파스타맛집', '#제주협재맛집', '#제주한림맛집', '#협재해수욕장맛집', '#제주협재포구맛집', '#제주현지인맛집', '#제주협재가볼만한곳', '#제주도관광', '#제주시맛집', '#제주도핫플레이스', '#제주도카페', '#제주도꼭가야할곳']",2021-08-17,0,
#첫줄 #제주특별자치도서예문인화대전#캘리그라피공모전수상 입선 소식😍아직많이부족해!더 열심히!!👊#제주사람 #제주도여행 #제주도관광 #제주실외가볼만한곳#제주맛집투어 #제주카페투어 #제주도 #제주캘리그라피 #캘리그라피제주 #제주손글씨 #손글씨#캘리그라피소품 #캘리그라피액자 #캘리그라피선물#감성캘리 #좋은글귀#캘리그라피 #제온캘리 #제온글씨 #이산글씨학교 #펜글씨 #글씨디자인#패턴캘리그라피 #붓캘리그라피,"['#첫줄', '#제주특별자치도서예문인화대전', '#캘리그라피공모전수상', '#제주사람', '#제주도여행', '#제주도관광', '#제주실외가볼만한곳', '#제주맛집투어', '#제주카페투어', '#제주도', '#제주캘리그라피', '#캘리그라피제주', '#제주손글씨', '#손글씨', '#캘리그라피소품', '#캘리그라피액자', '#캘리그라피선물', '#감성캘리', '#좋은글귀', '#캘리그라피', '#제온캘리', '#제온글씨', '#이산글씨학교', '#펜글씨', '#글씨디자인', '#패턴캘리그라피', '#붓캘리그라피']",2021-08-17,0,
간만에 볕이 나니 일광건조 들어가야죠😽깔끔하게 준비해놓을테니 안심하고 입실하세요👍,[],2021-08-17,0,제주 그린데이 게스트하우스 'GreenDay' jeju guesthouse & backpackers & hostel
"해녀가 잡은 해산물로 만드는 해물라면🙌⠀법환 해녀체험센터 옆에'잠녀숨비소리'라는 식당이 있는데요.⠀어촌계에서 직접 운영하는 식당이랍니다😃신선함은 굳이 말하지 않아도 되겠죠?👍⠀라면에 뿔소라, 바지락, 홍합이라니맛 없을 수 없는 조합..⠀해물라면 외에도문어회, 전복죽, 성게국수 등다양한 음식이 있으니꼭 와서 드셔보셨으면 좋겠어요😆⠀",[],2021-08-17,0,서귀포 법환포구
"바다멍, 물멍하기 좋은사계 해변 잔디밭⠀여행 중에 잠시 쉬어가세요❤️⠀📷 퐈니니https://blog.naver.com/zzanzhu4654/222309099224⠀",[],2021-08-17,0,제주 사계해변
장노출로 담아본 사계 해안⠀느낌 가득👍⠀📷 외계지용https://blog.naver.com/ilikeyujin/222106559729⠀,[],2021-08-17,0,제주 사계해변
제주 하도리알록달록한 구옥의 지붕들⠀집집마다 다른 색으로 칠한 지붕이너무 귀엽네요🥰⠀📷 요기조기https://blog.naver.com/yuyuhall/222171243739⠀,[],2021-08-17,0,하도어촌계
마음까지 시원해지는하도 바닷가 풍경🌊⠀📷 BINNPAPAhttps://blog.naver.com/jongbock/222455520368⠀,[],2021-08-17,0,하도어촌계
#아녜스의앞치마 .따뜻한 차 한잔이 생각나는 요즘😄.레몬과얼그레이가 이렇게 잘어울리는지 몰랐네요. 요새 매일 마시고 있는 레몬얼그레이티에요. 레몬과 얼그레이가 만나 상큼씁쓸 향긋해요😋 따뜻하게도 맛나고 차게 마셔도 맛나답니다ㅎㅎ...📌주차는 가게 정면에 오른쪽 주차칸에 주차하시고만차시 바다방향으로 약50미터 정도 내려가시면주차 하실 수 있습니다🤗.📌버스 탑승시 201번 버스 탑승하시고 금산목 정류장에서 내려 바다 방향으로 3-5분정도내려오시면 됩니다 🤗...#제주#제주도#9월제주도가볼만한곳#8월제주도가볼만한곳#제주도관광#제주도가볼만한곳#제주도관광지#제주동쪽가볼만한곳#제주도갈만한곳#제주동부가볼만한곳#제주카페#제주도카페#제주여행추천#구좌읍카페#JEJU#행원리카페#제주구좌가볼만한곳#제주도꼭가봐야할곳#제주핫플레이스#제주도코스#뷰좋은카페#제주여행#제주도맛집추천#월정리카페#제주도예쁜카페#월정리맛집#제주도핫플레이스#제주도까페#제주뚜벅이여행,"['#아녜스의앞치마', '#제주', '#제주도', '#9월제주도가볼만한곳', '#8월제주도가볼만한곳', '#제주도관광', '#제주도가볼만한곳', '#제주도관광지', '#제주동쪽가볼만한곳', '#제주도갈만한곳', '#제주동부가볼만한곳', '#제주카페', '#제주도카페', '#제주여행추천', '#구좌읍카페', '#JEJU', '#행원리카페', '#제주구좌가볼만한곳', '#제주도꼭가봐야할곳', '#제주핫플레이스', '#제주도코스', '#뷰좋은카페', '#제주여행', '#제주도맛집추천', '#월정리카페', '#제주도예쁜카페', '#월정리맛집', '#제주도핫플레이스', '#제주도까페', '#제주뚜벅이여행']",2021-08-17,0,아녜스의앞치마
"ㆍ'솔오름'은 쌀을 쌓아 올린 모양이라고 해서 '쌀오름',한자로는 '미악산'이라고도 불려요.두 개의 봉우리가 있는 솔오름은 A와 B 코스가 있는데요,현재 A코스는 막혀있어 B코스로만 산행 가능하답니다.솔오름 정상에서는 섶섬, 문섬, 범섬이 쪼르륵 놓인 모습을 볼 수 있는데요,솔오름 주차장 건너편에 위치한 솔오름 전망대에서 그 모습을 더욱 가까이 볼 수 있답니다. 더운 여름, 솔오름을 한 바퀴 돌고 내려와맞은편 푸드트럭에서 파는 시원한 음료 한 잔 들이켜면그 순간이 바로 천국 아닐까요? _🚩서귀포시 인정오름로 387-63주차장o, 화장실o",[],2021-08-17,0,솔오름
#인스타일상#맞팔은댓#인스타데일리#소통합시다#소통좋아요#맞팔해요#맞팔하자#소통해요우리#맞팔하면선팔#선팔맞팔#소소한행복#데일리#맞팔좋아요#맞팔로우#선팔하면맞팔#소통#일상#소통해요#일상그램#맞팔100#맞팔소통#맞팔댓#맞팔#맞팔은댓글#소통그램#소통환영#선팔은맞팔#한양대피자#제주도관광#스콘맛집,"['#인스타일상', '#맞팔은댓', '#인스타데일리', '#소통합시다', '#소통좋아요', '#맞팔해요', '#맞팔하자', '#소통해요우리', '#맞팔하면선팔', '#선팔맞팔', '#소소한행복', '#데일리', '#맞팔좋아요', '#맞팔로우', '#선팔하면맞팔', '#소통', '#일상', '#소통해요', '#일상그램', '#맞팔100', '#맞팔소통', '#맞팔댓', '#맞팔', '#맞팔은댓글', '#소통그램', '#소통환영', '#선팔은맞팔', '#한양대피자', '#제주도관광', '#스콘맛집']",2021-08-17,0,
.인스타그램그램!이젠 선택이 아닌 필수입니다!!.무료로 상위노출 방법과 인스타그램 계정 상태를 분석 해드립니다..인스타아이디를 남겨 놓으면 결과를 알려드립니다..♣ <최고의> 가성비!!♣ <최고의> 홍보효과!♣ <최고의> 계정관리♣ <최고의> 품질관리!♣ <최고의> 고객관리!!!.고객님과 같이 성장하는 바로-스타가 되겠습니다.. 홈페이지: https://barostar.kr상담: http://pf.kakao.com/_etnxjxb....#섬여행 #제주도관광#소통소통 #정선여행#1박2일여행 #차박여행#뚜벅이여행 #가족여행추천#태안여행 #숲길#좋아요반사댓 #오지캠핑#제주여행추천 #가을여행#당일 #여행은즐거워#맞팔선팔 #일상그램#소통환영 #댓글환영,"['#섬여행', '#제주도관광', '#소통소통', '#정선여행', '#1박2일여행', '#차박여행', '#뚜벅이여행', '#가족여행추천', '#태안여행', '#숲길', '#좋아요반사댓', '#오지캠핑', '#제주여행추천', '#가을여행', '#당일', '#여행은즐거워', '#맞팔선팔', '#일상그램', '#소통환영', '#댓글환영']",2021-08-16,0,
"#사진한잔의여유⠀해바라기는 지고있고코스모스는 피고있던성읍민속마을맑은날 좋았는데, 제주에 비가얼른그쳤으면!⠀⠀📍성읍민속마을",['#사진한잔의여유⠀해바라기는'],2021-08-16,0,성읍민속마을
"아부오름, 앞오름2020.05.23#제주도 #jeju #제주도여행 #제주도한달살기 #제주한달살기 #한달살기 #제주여행 #제주도관광 #제주도관광지 #제주도관광지추천 #제주도여행지 #제주도여행지추천 #제주가볼만한곳 #제주도가볼만한곳 #제주도오름추천 #제주오름추천 #인생샷 #인생사진 #프사 #프로필사진 #제주도쉬운오름 #제주쉬운오름 #제주도오름쉬운곳 #제주오름쉬운곳 #제주도오름쉬운코스 #제주오름쉬운코스 #아부오름 #앞오름 #제주아부오름 #제주도아부오름","['#제주도', '#jeju', '#제주도여행', '#제주도한달살기', '#제주한달살기', '#한달살기', '#제주여행', '#제주도관광', '#제주도관광지', '#제주도관광지추천', '#제주도여행지', '#제주도여행지추천', '#제주가볼만한곳', '#제주도가볼만한곳', '#제주도오름추천', '#제주오름추천', '#인생샷', '#인생사진', '#프사', '#프로필사진', '#제주도쉬운오름', '#제주쉬운오름', '#제주도오름쉬운곳', '#제주오름쉬운곳', '#제주도오름쉬운코스', '#제주오름쉬운코스', '#아부오름', '#앞오름', '#제주아부오름', '#제주도아부오름']",2021-08-16,0,아부오름
#사진한잔의여유⠀배롱나무가 예쁘게 꽃핀항몽유적지흐린날이어도배롱나무가 환해서 예뻤던⠀⠀📍애월읍 고성리 1126-1,['#사진한잔의여유⠀배롱나무가'],2021-08-16,0,항몽유적지
"바다가 허락하는한 우리는 오늘도 즐긴다!!! 이게 스쿠버다이빙의 매력!!! 체험다이빙은 어디!? 🌏사람과 우리가 사는 지구는 절반이상이 물로 이루어져있습니다.🌏🙅🏻‍♂️사람의 몸속은 탐험할수 없지만😥👌지구의 물속은 언제든지 탐험할수 있습니다😜😃Holiday 는 다른센터와 차별화된 구성으로 모든 코스를 진행합니다.😍제주도에서 안전을 최우선으로 생각하는 다이빙센터입니다.😎최고의 강사진으로 다이버에게 편안함을 제공합니다.🎲즐길거리🎲💎체험다이빙 : 59,000원부터🛶 펀다이빙 : 120,000원부터🎓배울거리(🎓🚑 PADI EFR : 150,000원 🏍 PADI #Scuba Diver(최소 1일과정) : 300,000원 부터🔥🚲 PADI #Openwater Diver (최소 2일과정) : 550,000원부터 🆒🛵 PADI #Advanced Openwater Diver (최소 2일과정) : 550,000원부터 💥🚗 PADI Openwater + Advanced (최소 3일과정) : 850,000원부터 ‼️🏥 PADI RESCUE Diver : 500,000원🚀 각종 PADI Specialty : 전화 문의🏛배울거리(PRO단계)🏛🚁PADI DIVEMASTER : 800,000원✈️PADI OPENWATER INSTRUCTOR : 전화문의🎁2021년 교육 등록시 10만원 상당의 선물 증정🎁🏠 :  제주특별자치도 서귀포시 칠십리로91번길 25📞 : 010-2188-1337📨 : holidaydivingkorea@gmail.com📱 : Kakao talk : divingkorea  Wechat : divingkorea #제주도스킨스쿠버 #제주도체험다이빙 #제주도스쿠버다이빙 #제주도여행 #제주도관광#제주도즐길거리#제주도익스트림#제주도다이빙 ​#체험다이빙#스킨스쿠버#스쿠버다이빙#holiday#济州岛潜水#济州岛#潜水#오픈워터#PADI#scubadiving#scubadiverhttps://smartstore.naver.com/divingkorea","['#Scuba', '#Openwater', '#Advanced', '#제주도스킨스쿠버', '#제주도체험다이빙', '#제주도스쿠버다이빙', '#제주도여행', '#제주도관광', '#제주도즐길거리', '#제주도익스트림', '#제주도다이빙', '#체험다이빙', '#스킨스쿠버', '#스쿠버다이빙', '#holiday', '#济州岛潜水', '#济州岛', '#潜水', '#오픈워터', '#PADI', '#scubadiving', '#scubadiverhttps://smartstore.naver.com/divingkorea']",2021-08-16,0,Holiday Diving Korea
#사진한잔의여유⠀배롱나무가 예쁘게 꽃핀항몽유적지흐린날이어도배롱나무가 환해서 예뻤던⠀⠀📍애월읍 고성리 1126-1,['#사진한잔의여유⠀배롱나무가'],2021-08-16,0,항몽유적지
#사진한잔의여유⠀배롱나무가 예쁘게 꽃핀항몽유적지흐린날이어도배롱나무가 환해서 예뻤던⠀⠀📍애월읍 고성리 1126-1,['#사진한잔의여유⠀배롱나무가'],2021-08-16,0,항몽유적지
#아녜스의앞치마 .요즘 날씨가 완전 가을 같아요~~~^^오시는 손님마다 아 추워!!이러시면서 들어오신다는😄 이번 비가 다그치면 진짜 가을이 오는건가요!!ㅎㅎ월요일 아침 아녜스의 앞치마 활짝열었습니다~~^^...📌주차는 가게 정면에 오른쪽 주차칸에 주차하시고만차시 바다방향으로 약50미터 정도 내려가시면주차 하실 수 있습니다🤗.📌버스 탑승시 201번 버스 탑승하시고 금산목 정류장에서 내려 바다 방향으로 3-5분정도내려오시면 됩니다 🤗...#제주#제주도#9월제주도가볼만한곳#8월제주도가볼만한곳#제주도관광#제주도가볼만한곳#제주도관광지#제주동쪽가볼만한곳#제주도갈만한곳#제주동부가볼만한곳#제주카페#제주도카페#제주여행추천#구좌읍카페#JEJU#행원리카페#제주구좌가볼만한곳#제주도꼭가봐야할곳#제주핫플레이스#제주도코스#뷰좋은카페#제주여행#제주도맛집추천#월정리카페#제주도예쁜카페#제주도비올때가볼만한곳 #제주도핫플레이스#제주도까페#제주뚜벅이여행,"['#아녜스의앞치마', '#제주', '#제주도', '#9월제주도가볼만한곳', '#8월제주도가볼만한곳', '#제주도관광', '#제주도가볼만한곳', '#제주도관광지', '#제주동쪽가볼만한곳', '#제주도갈만한곳', '#제주동부가볼만한곳', '#제주카페', '#제주도카페', '#제주여행추천', '#구좌읍카페', '#JEJU', '#행원리카페', '#제주구좌가볼만한곳', '#제주도꼭가봐야할곳', '#제주핫플레이스', '#제주도코스', '#뷰좋은카페', '#제주여행', '#제주도맛집추천', '#월정리카페', '#제주도예쁜카페', '#제주도비올때가볼만한곳', '#제주도핫플레이스', '#제주도까페', '#제주뚜벅이여행']",2021-08-16,0,아녜스의앞치마
..현재 인스타계정 상태를 분석한 결과와 관리하는 방법을 무료로 알려드립니다..카톡채널(http://pf.kakao.com/_etnxjxb/chat)에 아이디를 남겨놓으면 무료로 결과를 올려드립니다....#감성여행 #제주도관광#패키지여행 #정선여행#2박3일여행 #도보여행#신혼여행 #가족여행추천#버스여행 #둘레길#소통해요 #오지캠핑#해외여행추천 #졸업여행수학여행 #여행가자#맞팔선팔 #일상그램#좋반테러 #맞팔스타그램,"['#감성여행', '#제주도관광', '#패키지여행', '#정선여행', '#2박3일여행', '#도보여행', '#신혼여행', '#가족여행추천', '#버스여행', '#둘레길', '#소통해요', '#오지캠핑', '#해외여행추천', '#졸업여행수학여행', '#여행가자', '#맞팔선팔', '#일상그램', '#좋반테러', '#맞팔스타그램']",2021-08-15,0,
제주 스위스마을2020.05.23#제주도 #jeju #제주도여행 #제주도한달살기 #제주한달살기 #한달살기 #제주여행 #제주도관광 #제주도관광지 #제주도관광지추천 #제주도여행지 #제주도여행지추천 #제주가볼만한곳 #제주도가볼만한곳 #스위스마을 #제주스위스마을 #제주스위스마을 #제주도스위스마을 #스위스마을제주 #제주도인생샷 #제주인생샷 #인생샷 #인생사진 #프사 #프로필사진 #제주인생사진 #제주도인생사진 #스위스마을제주도 #제주도스위스 #제주스위스,"['#제주도', '#jeju', '#제주도여행', '#제주도한달살기', '#제주한달살기', '#한달살기', '#제주여행', '#제주도관광', '#제주도관광지', '#제주도관광지추천', '#제주도여행지', '#제주도여행지추천', '#제주가볼만한곳', '#제주도가볼만한곳', '#스위스마을', '#제주스위스마을', '#제주스위스마을', '#제주도스위스마을', '#스위스마을제주', '#제주도인생샷', '#제주인생샷', '#인생샷', '#인생사진', '#프사', '#프로필사진', '#제주인생사진', '#제주도인생사진', '#스위스마을제주도', '#제주도스위스', '#제주스위스']",2021-08-15,0,제주조천스위스마을
진짜 어떻하냐..너무 귀엽잖아!!!!,[],2021-08-15,0,제주 그린데이 게스트하우스 'GreenDay' jeju guesthouse & backpackers & hostel
≤붉은 방 - 붉은 색의 조화≥앙리 마티스▤ 붉은 방 ▤이 원래 파란색이였던 것알고 계셨나요 ? 🧵🧶,[],2021-08-15,0,"그대, 나의 뮤즈"
#아녜스의앞치마.제주말차가루를 듬뿍넣어 만든 제주말차휘낭시에 랍니다~^^ 휘낭시에가 손가락으로 집어먹는 어원에서 왔다고 하던데 전 휘낭시에를 칼로 슥슥 잘라  포크로 먹는게 더 맛있더라구요ㅎㅎ😋 커피가 술술들어가는 맛난 휘낭시에 랍니다~^^..📌주차는 가게 정면에 오른쪽 주차칸에 주차하시고만차시 바다방향으로 약50미터 정도 내려가시면주차 하실 수 있습니다🤗.📌버스 탑승시 201번 버스 탑승하시고 금산목 정류장에서 내려 바다 방향으로 3-5분정도내려오시면 됩니다 🤗...#제주#제주도#9월제주도가볼만한곳#8월제주도가볼만한곳#제주도관광#제주도가볼만한곳#제주도관광지#제주동쪽가볼만한곳#제주도갈만한곳#제주동부가볼만한곳#제주카페#제주도카페#제주여행추천#구좌읍카페#JEJU#행원리카페#제주구좌가볼만한곳#제주도꼭가봐야할곳#제주핫플레이스#제주도코스#뷰좋은카페#제주여행#제주도맛집추천#월정리카페#제주도예쁜카페#월정리맛집#제주도핫플레이스#제주도까페#제주뚜벅이여행,"['#아녜스의앞치마.제주말차가루를', '#제주', '#제주도', '#9월제주도가볼만한곳', '#8월제주도가볼만한곳', '#제주도관광', '#제주도가볼만한곳', '#제주도관광지', '#제주동쪽가볼만한곳', '#제주도갈만한곳', '#제주동부가볼만한곳', '#제주카페', '#제주도카페', '#제주여행추천', '#구좌읍카페', '#JEJU', '#행원리카페', '#제주구좌가볼만한곳', '#제주도꼭가봐야할곳', '#제주핫플레이스', '#제주도코스', '#뷰좋은카페', '#제주여행', '#제주도맛집추천', '#월정리카페', '#제주도예쁜카페', '#월정리맛집', '#제주도핫플레이스', '#제주도까페', '#제주뚜벅이여행']",2021-08-15,0,아녜스의앞치마
#아녜스의앞치마 .오랫만에 비가 안오네요😀 아녜스의 앞치마 활짝 열었습니다. 오늘도 7시까지 열어둘께요❤❤.📌주차는 가게 정면에 오른쪽 주차칸에 주차하시고만차시 바다방향으로 약50미터 정도 내려가시면주차 하실 수 있습니다🤗.📌버스 탑승시 201번 버스 탑승하시고 금산목 정류장에서 내려 바다 방향으로 3-5분정도내려오시면 됩니다 🤗...#제주#제주도#9월제주도가볼만한곳#8월제주도가볼만한곳#제주도관광#제주도가볼만한곳#제주도관광지#제주동쪽가볼만한곳#제주도갈만한곳#제주동부가볼만한곳#제주카페#제주도카페#제주여행추천#구좌읍카페#JEJU#행원리카페#제주구좌가볼만한곳#제주도꼭가봐야할곳#제주핫플레이스#제주도코스#뷰좋은카페#제주여행#제주도맛집추천#월정리카페#제주도예쁜카페#월정리맛집#제주도핫플레이스#제주도까페#제주뚜벅이여행,"['#아녜스의앞치마', '#제주', '#제주도', '#9월제주도가볼만한곳', '#8월제주도가볼만한곳', '#제주도관광', '#제주도가볼만한곳', '#제주도관광지', '#제주동쪽가볼만한곳', '#제주도갈만한곳', '#제주동부가볼만한곳', '#제주카페', '#제주도카페', '#제주여행추천', '#구좌읍카페', '#JEJU', '#행원리카페', '#제주구좌가볼만한곳', '#제주도꼭가봐야할곳', '#제주핫플레이스', '#제주도코스', '#뷰좋은카페', '#제주여행', '#제주도맛집추천', '#월정리카페', '#제주도예쁜카페', '#월정리맛집', '#제주도핫플레이스', '#제주도까페', '#제주뚜벅이여행']",2021-08-15,0,아녜스의앞치마
#돌염전노을 #구엄리돌염전 #노을빛 #제주저녁하늘🌙 #저녁노을#제주가볼만한곳 #제주도관광 #애월읍해안도로 #캐논이미지스토밍 #소호한행복,"['#돌염전노을', '#구엄리돌염전', '#노을빛', '#제주저녁하늘🌙', '#저녁노을', '#제주가볼만한곳', '#제주도관광', '#애월읍해안도로', '#캐논이미지스토밍', '#소호한행복']",2021-08-14,0,
#210624 #제주살이 #16일차스탭 만장일치로 만장굴 다녀온 날,"['#210624', '#제주살이', '#16일차스탭']",2021-08-14,0,Manjanggul Lava Cave.
#제주도택시투어 #노형슈퍼마켙 #제주택시투어 #제주도여행 #제주도관광 #제주도쏠라티 #제주도미니버스 #제주도관광버스 #제주도실내관광지 #제주실내관광지 #제주비오는날 #제주도비올때가볼만한곳 #제주비오는날가볼만한곳 #탐라여행사 #064-711-4577,"['#제주도택시투어', '#노형슈퍼마켙', '#제주택시투어', '#제주도여행', '#제주도관광', '#제주도쏠라티', '#제주도미니버스', '#제주도관광버스', '#제주도실내관광지', '#제주실내관광지', '#제주비오는날', '#제주도비올때가볼만한곳', '#제주비오는날가볼만한곳', '#탐라여행사', '#064-711-4577']",2021-08-14,0,
#제주도관광 #제주바다#애월읍#제주서쪽항구 #제주일몰#제주하늘 #캐논이미지스토밍 #소소한이야기,"['#제주도관광', '#제주바다', '#애월읍', '#제주서쪽항구', '#제주일몰', '#제주하늘', '#캐논이미지스토밍', '#소소한이야기']",2021-08-14,0,
#아녜스의앞치마.저희카페 젤 잘나가는메뉴가 우도땅콩크림라떼 거든요~~^^👍그래서 메뉴에 새로 생긴  땅콩좋아하시는 분들 위한~~^^ 우도땅콩스콘이에요😋 오늘같이 비오는날엔 창가에 앉아서 스콘과 따뜻한 커퓌한잔하며 멍때리고 싶네요ㅎㅎ빗길운전조심하세요❤..📌주차는 가게 정면에 오른쪽 주차칸에 주차하시고만차시 바다방향으로 약50미터 정도 내려가시면주차 하실 수 있습니다🤗.📌버스 탑승시 201번 버스 탑승하시고 금산목 정류장에서 내려 바다 방향으로 3-5분정도내려오시면 됩니다 🤗...#제주#제주도#9월제주도가볼만한곳#8월제주도가볼만한곳#제주도관광#제주도가볼만한곳#제주도관광지#제주동쪽가볼만한곳#제주도갈만한곳#제주동부가볼만한곳#제주카페#제주도카페#제주여행추천#구좌읍카페#JEJU#행원리카페#제주구좌가볼만한곳#제주도꼭가봐야할곳#제주핫플레이스#제주도코스#뷰좋은카페#제주여행#제주도맛집추천#월정리카페#제주도예쁜카페#제주비올때가볼만한곳#제주도핫플레이스#제주도까페#제주뚜벅이여행,"['#아녜스의앞치마.저희카페', '#제주', '#제주도', '#9월제주도가볼만한곳', '#8월제주도가볼만한곳', '#제주도관광', '#제주도가볼만한곳', '#제주도관광지', '#제주동쪽가볼만한곳', '#제주도갈만한곳', '#제주동부가볼만한곳', '#제주카페', '#제주도카페', '#제주여행추천', '#구좌읍카페', '#JEJU', '#행원리카페', '#제주구좌가볼만한곳', '#제주도꼭가봐야할곳', '#제주핫플레이스', '#제주도코스', '#뷰좋은카페', '#제주여행', '#제주도맛집추천', '#월정리카페', '#제주도예쁜카페', '#제주비올때가볼만한곳', '#제주도핫플레이스', '#제주도까페', '#제주뚜벅이여행']",2021-08-14,0,아녜스의앞치마
~~현재 인스타계정 상태를 분석한 결과와 관리하는 방법을 무료로 알려드립니다.~카톡채널(http://pf.kakao.com/_etnxjxb/chat)에 아이디를 남겨놓으면 무료로 결과를 올려드립니다.~~~#순례여행 #제주도관광#패키지여행 #정선여행#2박3일여행 #차박여행#뚜벅이여행 #맞팔환영해요#버스여행 #산악여행#좋아요반사댓 #오지캠핑#부산여행추천 #가을여행#당일 #즐거운여행#맞팔해여 #일상소통#댓글.소통 #일상기록,"['#순례여행', '#제주도관광', '#패키지여행', '#정선여행', '#2박3일여행', '#차박여행', '#뚜벅이여행', '#맞팔환영해요', '#버스여행', '#산악여행', '#좋아요반사댓', '#오지캠핑', '#부산여행추천', '#가을여행', '#당일', '#즐거운여행', '#맞팔해여', '#일상소통', '#댓글.소통', '#일상기록']",2021-08-13,0,
..현재 인스타계정 상태를 분석한 결과와 관리하는 방법을 무료로 알려드립니다..카톡채널(http://pf.kakao.com/_etnxjxb/chat)에 아이디를 남겨놓으면 무료로 결과를 올려드립니다....#순례여행 #제주도관광#소통소통 #춘천가볼만한곳#1박2일여행 #도보여행#여행사 #맞팔환영해요#태안여행 #숲길#자동차여행 #캠핑여행#제주여행추천 #혼여#당일 #즐거운여행#맞팔선팔 #맞팔댓#소확행 #맞팔스타그램,"['#순례여행', '#제주도관광', '#소통소통', '#춘천가볼만한곳', '#1박2일여행', '#도보여행', '#여행사', '#맞팔환영해요', '#태안여행', '#숲길', '#자동차여행', '#캠핑여행', '#제주여행추천', '#혼여', '#당일', '#즐거운여행', '#맞팔선팔', '#맞팔댓', '#소확행', '#맞팔스타그램']",2021-08-13,0,
끝없이 무한한공간에 펼쳐지는 반딧불같은 조명들이 있는 본태박물관 안도타다오의 건축 전통공예와 현대미술의 조화가 입이 떡하고 벌어진다 이런 작품들도 볼거리이지만건축물로도 유명하니 한번쯤 작품전시회는 꼭 가보는것 추천 서귀포시 안덕면 산록남로 762번길 69연중무휴 운영 p.s바로 근처 방주교회가 있어요,[],2021-08-13,0,Bonte museum
#달빛좋은밤#제주달빛좋은밤제주협재파스타제주협재흑돼지요리제주 달빛좋은밤🌙제주 달빛좋은밤☕Coffee&Dessert🧁Restaurant🍽🏝제주특별자치도 제주시 한림읍 한림로 424-1 2층🕚AM 11:00 ~ AM 00:00#제주맛집 #제주파스타맛집 #제주협재맛집 #제주한림맛집 #협재해수욕장맛집 #제주협재포구맛집 #제주현지인맛집 #제주협재가볼만한곳 #제주도파스타 #제주도갈만한곳 #제주도관광 #제주8월가볼만한곳 #제주핫플레이스,"['#달빛좋은밤', '#제주달빛좋은밤제주협재파스타제주협재흑돼지요리제주', '#제주맛집', '#제주파스타맛집', '#제주협재맛집', '#제주한림맛집', '#협재해수욕장맛집', '#제주협재포구맛집', '#제주현지인맛집', '#제주협재가볼만한곳', '#제주도파스타', '#제주도갈만한곳', '#제주도관광', '#제주8월가볼만한곳', '#제주핫플레이스']",2021-08-13,0,
"제주도의 날씨는☔변화무쌍☔ 할 때가 많아요~!저희 [그대,나의 뮤즈] 에 오셔서 전시관람 후명화우산을 간직해 보세요🖤",[],2021-08-13,0,그대나의뮤즈
...다리가 아닙니다 팔입니다~오늘에야 코로나 2차 까지 예방접종을 맞쳤네근데 아무런 부작용이 없다단. 배가 고프다는거 이게 부작용인가 ㅋㅋ배고플땐 고기~.여기도 제주다.#제주도사진찍기좋은곳 #제주도풍경 #제주도여행 #제주도카페 #제주도숙소 #제주도맛집 #제주도사진 #제주도모델 #제주도스냅 #제주도산책 #제주도관광 #제주도핫플 #제주도웨딩 #제주도가볼만한곳 #제주도도민맛집 #한라산 #제주도웨딩스냅 #제주도사진명소 #제주도 #jeju #일출 #일몰 #제주도여행코스 #제주도숨은맛집 #유채꽃 #수국 #산책,"['#제주도사진찍기좋은곳', '#제주도풍경', '#제주도여행', '#제주도카페', '#제주도숙소', '#제주도맛집', '#제주도사진', '#제주도모델', '#제주도스냅', '#제주도산책', '#제주도관광', '#제주도핫플', '#제주도웨딩', '#제주도가볼만한곳', '#제주도도민맛집', '#한라산', '#제주도웨딩스냅', '#제주도사진명소', '#제주도', '#jeju', '#일출', '#일몰', '#제주도여행코스', '#제주도숨은맛집', '#유채꽃', '#수국', '#산책']",2021-08-13,0,
"풍랑뜨기전 새벽일찍 펀다이빙!! 오예!!! 오늘도 즐거운 하루였다~~~ 🌏사람과 우리가 사는 지구는 절반이상이 물로 이루어져있습니다.🌏🙅🏻‍♂️사람의 몸속은 탐험할수 없지만😥👌지구의 물속은 언제든지 탐험할수 있습니다😜😃Holiday 는 다른센터와 차별화된 구성으로 모든 코스를 진행합니다.😍제주도에서 안전을 최우선으로 생각하는 다이빙센터입니다.😎최고의 강사진으로 다이버에게 편안함을 제공합니다.🎲즐길거리🎲💎체험다이빙 : 59,000원부터🛶 펀다이빙 : 120,000원부터🎓배울거리(🎓🚑 PADI EFR : 150,000원 🏍 PADI #Scuba Diver(최소 1일과정) : 300,000원 부터🔥🚲 PADI #Openwater Diver (최소 2일과정) : 550,000원부터 🆒🛵 PADI #Advanced Openwater Diver (최소 2일과정) : 550,000원부터 💥🚗 PADI Openwater + Advanced (최소 3일과정) : 850,000원부터 ‼️🏥 PADI RESCUE Diver : 500,000원🚀 각종 PADI Specialty : 전화 문의🏛배울거리(PRO단계)🏛🚁PADI DIVEMASTER : 800,000원✈️PADI OPENWATER INSTRUCTOR : 전화문의🎁2021년 교육 등록시 10만원 상당의 선물 증정🎁🏠 :  제주특별자치도 서귀포시 칠십리로91번길 25📞 : 010-2188-1337📨 : holidaydivingkorea@gmail.com📱 : Kakao talk : divingkorea  Wechat : divingkorea #제주도스킨스쿠버 #제주도체험다이빙 #제주도스쿠버다이빙 #제주도여행 #제주도관광#제주도즐길거리#제주도익스트림#제주도다이빙 ​#체험다이빙#스킨스쿠버#스쿠버다이빙#holiday#济州岛潜水#济州岛#潜水#오픈워터#PADI#scubadiving#scubadiverhttps://smartstore.naver.com/divingkorea","['#Scuba', '#Openwater', '#Advanced', '#제주도스킨스쿠버', '#제주도체험다이빙', '#제주도스쿠버다이빙', '#제주도여행', '#제주도관광', '#제주도즐길거리', '#제주도익스트림', '#제주도다이빙', '#체험다이빙', '#스킨스쿠버', '#스쿠버다이빙', '#holiday', '#济州岛潜水', '#济州岛', '#潜水', '#오픈워터', '#PADI', '#scubadiving', '#scubadiverhttps://smartstore.naver.com/divingkorea']",2021-08-13,0,Holiday Diving Korea
-동백키친 속 작은감성 악세사리♥️동백샾♥️이제 아침저녁으로는 선선한 바람도 불고가을이 오고있나봐요🍂귀걸이도 슬슬 가을분위기로 바꾸고있어요!구경오세용👀@jeju_dongbaek_kitchen 동백키친 속 작은감성악세사리샾✨영업시간은 동백키친과 같아요!Open 11:00Close 20:00목요일은 휴무입니다.메뉴기다리시는 동안 구경하기도 좋아요😊--#제주도 #제주서쪽 #한림 #협재 #애월 #제주가볼만한곳 #제주도관광#협재해수욕장 #금능해수욕장 #감성소품 #감성 #악세사리 #동백키친 #파스타맛집 #한림맛집 #제주도민맛집 #이어링 #귀걸이 #반지 #원석반지 #원석귀걸이 #실버악세사리 #실버925 #감성샾 #프랑스산 #셀룰로오즈#셀룰로오스 #집게핀 #스타일링 #ootd,"['#제주도', '#제주서쪽', '#한림', '#협재', '#애월', '#제주가볼만한곳', '#제주도관광', '#협재해수욕장', '#금능해수욕장', '#감성소품', '#감성', '#악세사리', '#동백키친', '#파스타맛집', '#한림맛집', '#제주도민맛집', '#이어링', '#귀걸이', '#반지', '#원석반지', '#원석귀걸이', '#실버악세사리', '#실버925', '#감성샾', '#프랑스산', '#셀룰로오즈', '#셀룰로오스', '#집게핀', '#스타일링', '#ootd']",2021-08-13,0,제주도 한림
여기는 법환포구 카페 앞올레길 코스😗⠀삼각대 세워놓고 혼자 걷기🙂⠀📷 성경https://blog.naver.com/dltjdrud1271/222426344060⠀,[],2021-08-13,0,서귀포 법환포구
매일매일 함께 산책💕⠀📷 jeju._.rani⠀,[],2021-08-13,0,서귀포 법환포구
한국의 아름다운 길 100에 선정된 길제주 사계리 형제해안로⠀산책 코스로 제격이랍니다👍⠀📷 물질하는여자https://blog.naver.com/h1j11/222193472131⠀,[],2021-08-13,0,제주 사계해변
댕댕이와 함께 산책하기❤️⠀사계해변에서 신나게 뛰는 모습에저까지 기분이 좋아지네요😆⠀📷 물질하는여자https://blog.naver.com/h1j11/222193472131⠀,[],2021-08-13,0,제주 사계해변
하도의 깨끗한 바닷속을 만나보세요😃귀여운 물고기들이 있어요😆⠀물이 맑으니작은 물고기들도 정말 잘 보이죠?😀⠀📷 제니https://blog.naver.com/orangeyoon123/222459309701⠀,[],2021-08-13,0,하도어촌계
7월부터 피기 시작한 문주란이하얀 꽃망울을 터트려 섬을 가득 메웠네요☺️⠀토끼섬에 문주란꽃이 흐드러지게 필 때면섬 전체가 하얀 토끼처럼 보이기도 합니다.⠀문주란은 7월부터 9월까지 핀답니다.⠀늦기 전에 오셔서감동을 느껴보세요❤️ ⠀📷 하도리https://blog.naver.com/az4312/222347626946⠀,[],2021-08-13,0,하도어촌계
"ㆍ오름에 칡이 많이 자라고 있어 칡오름이라 불려요.'칡오름'을 검색하시면 입구를 찾기 힘들기 때문에,'칡오름 정류장'을 검색하셔서 방문하시는 게 편해요.여름의 푸르름을 가득 담은 곳이에요.온통 나무로 뒤덮인 오름을 올라 정상에 다다르면무릎까지 오는 풀들이 앞다투어 반겨주죠.정상인 줄 모를 만큼 수풀이 우거져여러 번 오르락내리락, 하마터면 길을 잃을 뻔했답니다._🚩서귀포시 상효동 2306-2주차장x, 화장실x",[],2021-08-13,0,환상의 섬 Jeju Island
"..Q. 게시물 상위 노출은 어떻게 해야 하나요!A. barostar 홈페이지.(http://barostar.kr)에서 노출 방법을 확인하면 됩니다.(무료제공).Q. 최적화 계정이 되어야 인기 게시물 상위 노출이 되나요!A. 인스타 봇이 최적화 계정 여부를 평가하고 노출순위를 결정합니다..Q. 최적화 계정인지 무료로 확인 할 수 있나요!A. 카톡채널(http://pf.kakao.com/_etnxjxb/chat)에 인스타아이디를 남겨놓으면 결과를 무료로 올려드립니다..Q. 최적화 계정을 자신이 만들 수 있나요!A. 자신이 만들 수 있습니다..Q. 자신이 상위 노출도 할 수 있나요!A. 할 수 있습니다..Q. 고품질, 최저가의 가성비인가요!A. 高품질 최저價(70%파격할인)의 서비스를 제공합니다.(좋아요, 팔로워, 댓글, 조회수, 유튜브,틱톡., Self 자동계정관리 등).Q. 환불은 가능한가요!A. 시스템이 주문을 진행하지 못한다고 판단하면 자동으로 취소/환불 처리됩니다..Q. 계정에 문제없나요!A. 전혀 문제되지 않습니다....#섬여행 #제주도관광#선팔환영 #정선여행#1박2일여행 #도보여행#뚜벅이여행 #가족여행추천#버스여행 #해외여행#소통해요 #오지캠핑#제주여행추천 #가을여행수학여행 #여행가자#맞팔선팔 #일상소통#좋반테러 #맞팔해요우리","['#섬여행', '#제주도관광', '#선팔환영', '#정선여행', '#1박2일여행', '#도보여행', '#뚜벅이여행', '#가족여행추천', '#버스여행', '#해외여행', '#소통해요', '#오지캠핑', '#제주여행추천', '#가을여행수학여행', '#여행가자', '#맞팔선팔', '#일상소통', '#좋반테러', '#맞팔해요우리']",2021-08-12,0,
"비가 많이 오지만 피그뱅은 역시 OPEN👍👍👍강정를 먹고 나면 시원한 맥주가 땡기고맥주를 마시면 강정이 생각난다!!오늘은 비가오면 강정이 생각나고강정을 먹으면 비가 생각난다?이건 아닌가? 😁😁😁Anyway 빨리오세요!!비올때는 준비된 재료가 적어금방 재료소진되오니, 서둘러 오세요 😀😀😀#제주푸드트럭#제주푸드트럭맛집#제주도푸드트럭#푸드트럭맛집#흑돼지강정#수제흑돼지강정#제주여행#제주도여행#피그뱅#foodtruck #제주도밤#야시장#밤도깨비야시장#수목원길야시장#수목원테마파크야시장#테마파크야시장#수목원테마파크#제주야시장#제주핫플레이스#제주도밤에가볼만한곳#제주도관광#제주맛집#제주도맛집","['#제주푸드트럭', '#제주푸드트럭맛집', '#제주도푸드트럭', '#푸드트럭맛집', '#흑돼지강정', '#수제흑돼지강정', '#제주여행', '#제주도여행', '#피그뱅', '#foodtruck', '#제주도밤', '#야시장', '#밤도깨비야시장', '#수목원길야시장', '#수목원테마파크야시장', '#테마파크야시장', '#수목원테마파크', '#제주야시장', '#제주핫플레이스', '#제주도밤에가볼만한곳', '#제주도관광', '#제주맛집', '#제주도맛집']",2021-08-12,0,
1일2커피#오카소,['#오카소'],2021-08-12,0,제주 함덕 서우봉 해변
"4일동안 모두 우수한 성적으로 어드밴시드까지 자격증 완료!!! 이제는 펀다이빙이다!! 우후훗!! 🌏사람과 우리가 사는 지구는 절반이상이 물로 이루어져있습니다.🌏🙅🏻‍♂️사람의 몸속은 탐험할수 없지만😥👌지구의 물속은 언제든지 탐험할수 있습니다😜😃Holiday 는 다른센터와 차별화된 구성으로 모든 코스를 진행합니다.😍제주도에서 안전을 최우선으로 생각하는 다이빙센터입니다.😎최고의 강사진으로 다이버에게 편안함을 제공합니다.🎲즐길거리🎲💎체험다이빙 : 59,000원부터🛶 펀다이빙 : 120,000원부터🎓배울거리(🎓🚑 PADI EFR : 150,000원 🏍 PADI #Scuba Diver(최소 1일과정) : 300,000원 부터🔥🚲 PADI #Openwater Diver (최소 2일과정) : 550,000원부터 🆒🛵 PADI #Advanced Openwater Diver (최소 2일과정) : 550,000원부터 💥🚗 PADI Openwater + Advanced (최소 3일과정) : 850,000원부터 ‼️🏥 PADI RESCUE Diver : 500,000원🚀 각종 PADI Specialty : 전화 문의🏛배울거리(PRO단계)🏛🚁PADI DIVEMASTER : 800,000원✈️PADI OPENWATER INSTRUCTOR : 전화문의🎁2021년 교육 등록시 10만원 상당의 선물 증정🎁🏠 :  제주특별자치도 서귀포시 칠십리로91번길 25📞 : 010-2188-1337📨 : holidaydivingkorea@gmail.com📱 : Kakao talk : divingkorea  Wechat : divingkorea #제주도스킨스쿠버 #제주도체험다이빙 #제주도스쿠버다이빙 #제주도여행 #제주도관광#제주도즐길거리#제주도익스트림#제주도다이빙 ​#체험다이빙#스킨스쿠버#스쿠버다이빙#holiday#济州岛潜水#济州岛#潜水#오픈워터#PADI#scubadiving#scubadiverhttps://smartstore.naver.com/divingkorea","['#Scuba', '#Openwater', '#Advanced', '#제주도스킨스쿠버', '#제주도체험다이빙', '#제주도스쿠버다이빙', '#제주도여행', '#제주도관광', '#제주도즐길거리', '#제주도익스트림', '#제주도다이빙', '#체험다이빙', '#스킨스쿠버', '#스쿠버다이빙', '#holiday', '#济州岛潜水', '#济州岛', '#潜水', '#오픈워터', '#PADI', '#scubadiving', '#scubadiverhttps://smartstore.naver.com/divingkorea']",2021-08-12,0,Holiday Diving Korea
#블루보틀제주,['#블루보틀제주'],2021-08-12,0,블루보틀 제주
제주의 아름다운 노을🧡여러분들의 제주여행이 특별할 수 있도록아라짱투어가 도와드리겠습니다😊#제주여행#제주도여행 #제주관광 #제주도관광 #제주도여행지 #제주도여행지추천 #제주도가볼만한곳 #제주도가볼만한곳추천 #제주도숙소 #제주숙소 #제주도숙소추천 #제주렌트 #제주도렌트카 #제주도렌트카추천 #제주도여행사 #제주맛집 #제주도맛집 #제주도맛집추천 #제주도관광지 #제주관광지 #제주도관광지추천 #제주도버스대절 #제주도겨울여행 #제주도버스대절 #제주가족여행,"['#제주여행', '#제주도여행', '#제주관광', '#제주도관광', '#제주도여행지', '#제주도여행지추천', '#제주도가볼만한곳', '#제주도가볼만한곳추천', '#제주도숙소', '#제주숙소', '#제주도숙소추천', '#제주렌트', '#제주도렌트카', '#제주도렌트카추천', '#제주도여행사', '#제주맛집', '#제주도맛집', '#제주도맛집추천', '#제주도관광지', '#제주관광지', '#제주도관광지추천', '#제주도버스대절', '#제주도겨울여행', '#제주도버스대절', '#제주가족여행']",2021-08-12,0,
"법환 주변 관광지, 외돌개⠀높이 20m바다 한복판에 홀로 우뚝 솟아 있다고 하여외돌개라 불립니다.⠀홀로 서 있는 바위라 그런지전해지는 전설도 다양하답니다😁⠀올레길 7코스에서 만날 수 있는데요.⠀외돌개 뒤로 넘어가는 일몰 풍경도장관이랍니다👍⠀📷 제주그리다https://blog.naver.com/wetbell1/222390648416⠀",[],2021-08-12,0,서귀포 법환포구
맑은 하늘이 예뻤던 법환❤️⠀📷 _sseu_⠀,[],2021-08-12,0,서귀포 법환포구
조금 과장해서 이 메로지리를 맛있게 먹기위해 전 날 일부러 술을 마셔야 할 정도가 아닌가 싶었습니다.곰탕처럼 뽀얀 색의 생선에서 우러나온 담백한 국물은 육고기의 그것과는 또 다른 느낌이므로 경험해보지 않은 여행객이라면 꼭 한번 드셔보시길 권해드립니다.제주시 버스터미널 바로 옆의 메로요리전문점 메로왕입니다.,[],2021-08-11,0,메로왕
#제주유리의성#유리의성#제주도체험#제주도관광 #제주핫플#제주핫플추천#제주도가족여행#제주여행지#유리의성마법의숲#제주도램프워킹#제주도유리체험#제주여행추천 #제주도가볼만한곳제주유리의성 램프워킹체험진행09:00~17:40선착순 현장결제로 체험하실수 있어요~램프워킹(유리목걸이제작)은 취학아동부터 체험가능합니다~,"['#제주유리의성', '#유리의성', '#제주도체험', '#제주도관광', '#제주핫플', '#제주핫플추천', '#제주도가족여행', '#제주여행지', '#유리의성마법의숲', '#제주도램프워킹', '#제주도유리체험', '#제주여행추천', '#제주도가볼만한곳제주유리의성']",2021-08-11,0,
살이 디룩디룩 찔 것 같지만 고퀄!!,[],2021-08-10,0,
"⠀⠀Q. 홍보효과를 높이기위한 인기게시물 상위노출 방법을 알수 있나요!A. 바로스타 홈페이지(http://barostar.kr)에서 알고리즘을 무료로 제공합니다.⠀Q. 상위노출은 최적화계정이어야만 가능한가요!A. 그렇습니다. 인공지능 봇이 평가하고 최적화계정을 판단합니다.⠀Q. 나의 계정이 최적화계정인지 알수있나요!A. 카톡채널(http://pf.kakao.com/_etnxjxb/chat)에 인스타아이디를 남기면 무료로 결과를 올려드립니다.⠀Q. 스스로 최적화계정을 만들수 있나요!A. 바로스타 홈페이지에서 스스로 만들수 있습니다.⠀Q. 스스로 인기게시물 상위노출도 할수있나요!A. 바로스타 홈페이지에서 할 수 있습니다.⠀Q. 가성비는 최고인가요!A. 최적화계정에 필요한 高품질 최저價(70%할인)의 서비스를 제공합니다.(팔로워, 좋아요, 댓글., 조회수, 유튜브,틱톡, 상위노출 패키지, Self 자동계정관리 등)⠀Q. 주문취소/환불은 가능한가요!A. 가능합니다.⠀Q. 안전한가요!A. 100% 안전합니다.⠀Q. 이용시간은!A. 365일 연중무휴 24시간 운영⠀⠀⠀#순례여행 #제주도관광#선팔환영 #춘천가볼만한곳#3박4일 #차박여행#여행사 #맞팔환영해요#태안여행 #해외여행#소통해요 #캠핑여행#부산여행추천 #가을여행#당일치기여행 #여행은즐거워#맞팔선팔 #일상소통#소확행 #맞팔스타그램⠀","['#순례여행', '#제주도관광', '#선팔환영', '#춘천가볼만한곳', '#3박4일', '#차박여행', '#여행사', '#맞팔환영해요', '#태안여행', '#해외여행', '#소통해요', '#캠핑여행', '#부산여행추천', '#가을여행', '#당일치기여행', '#여행은즐거워', '#맞팔선팔', '#일상소통', '#소확행', '#맞팔스타그램⠀']",2021-08-10,0,
"홀리데이다이빙코리아를 사랑해주시고 방문해주신 모든 다이버님들께 감사드립니다! 네이버 서귀포 가볼만한곳 50선에 유일한 다이빙샵이 되었습니다~ 더욱더 열심히 하는 홀리데이가 되겠습니다^^ 🌏사람과 우리가 사는 지구는 절반이상이 물로 이루어져있습니다.🌏🙅🏻‍♂️사람의 몸속은 탐험할수 없지만😥👌지구의 물속은 언제든지 탐험할수 있습니다😜😃Holiday 는 다른센터와 차별화된 구성으로 모든 코스를 진행합니다.😍제주도에서 안전을 최우선으로 생각하는 다이빙센터입니다.😎최고의 강사진으로 다이버에게 편안함을 제공합니다.🎲즐길거리🎲💎체험다이빙 : 59,000원부터🛶 펀다이빙 : 120,000원부터🎓배울거리(🎓🚑 PADI EFR : 150,000원 🏍 PADI #Scuba Diver(최소 1일과정) : 300,000원 부터🔥🚲 PADI #Openwater Diver (최소 2일과정) : 550,000원부터 🆒🛵 PADI #Advanced Openwater Diver (최소 2일과정) : 550,000원부터 💥🚗 PADI Openwater + Advanced (최소 3일과정) : 850,000원부터 ‼️🏥 PADI RESCUE Diver : 500,000원🚀 각종 PADI Specialty : 전화 문의🏛배울거리(PRO단계)🏛🚁PADI DIVEMASTER : 800,000원✈️PADI OPENWATER INSTRUCTOR : 전화문의🎁2021년 교육 등록시 10만원 상당의 선물 증정🎁🏠 :  제주특별자치도 서귀포시 칠십리로91번길 25📞 : 010-2188-1337📨 : holidaydivingkorea@gmail.com📱 : Kakao talk : divingkorea  Wechat : divingkorea #제주도스킨스쿠버 #제주도체험다이빙 #제주도스쿠버다이빙 #제주도여행 #제주도관광#제주도즐길거리#제주도익스트림#제주도다이빙 ​#체험다이빙#스킨스쿠버#스쿠버다이빙#holiday#济州岛潜水#济州岛#潜水#오픈워터#PADI#scubadiving#scubadiverhttps://smartstore.naver.com/divingkorea","['#Scuba', '#Openwater', '#Advanced', '#제주도스킨스쿠버', '#제주도체험다이빙', '#제주도스쿠버다이빙', '#제주도여행', '#제주도관광', '#제주도즐길거리', '#제주도익스트림', '#제주도다이빙', '#체험다이빙', '#스킨스쿠버', '#스쿠버다이빙', '#holiday', '#济州岛潜水', '#济州岛', '#潜水', '#오픈워터', '#PADI', '#scubadiving', '#scubadiverhttps://smartstore.naver.com/divingkorea']",2021-08-10,0,Holiday Diving Korea
#첫줄 큰일이다. 머리가굳었나봐😭금붕어도 아니고..꼰대라 보일진 몰라도..음..공부는 다 때가 있다는 어른들의 말씀 맞다😅어쩌다보니#박상민 #청바지아가씨 나는 옛날사람🤣#제주사람 #글씨쓰는여자 #홈캘리#제주도여행 #제주도관광 #제주실외가볼만한곳#제주맛집투어 #제주카페투어 #제주기와#제주도 #제주캘리그라피 #캘리그라피제주 #제주손글씨 #손글씨#캘리그라피소품 #캘리그라피액자 #캘리그라피선물#감성캘리 #좋은글귀#캘리그라피 #제온캘리 #제온글씨 #이산글씨학교 #펜글씨 #글씨디자인#패턴캘리그라피 #붓캘리그라피,"['#첫줄', '#박상민', '#청바지아가씨', '#제주사람', '#글씨쓰는여자', '#홈캘리', '#제주도여행', '#제주도관광', '#제주실외가볼만한곳', '#제주맛집투어', '#제주카페투어', '#제주기와', '#제주도', '#제주캘리그라피', '#캘리그라피제주', '#제주손글씨', '#손글씨', '#캘리그라피소품', '#캘리그라피액자', '#캘리그라피선물', '#감성캘리', '#좋은글귀', '#캘리그라피', '#제온캘리', '#제온글씨', '#이산글씨학교', '#펜글씨', '#글씨디자인', '#패턴캘리그라피', '#붓캘리그라피']",2021-08-10,0,
제주도 에메랄드빛으로 물든 #선녀탕 으로 우리함께 갈래?시원한 바닷물에 몸을 맡기고 싶오~ \(￣︶￣*\))💕@@우리 같이 가서 힐링하고 오자!!🙂❤❤#황우지 #제주도가볼만한곳 #선녀탕 #제주도여행 #제주도관광#제주도데이트 #제주도여행추천 #제주도가볼만한곳,"['#선녀탕', '#황우지', '#제주도가볼만한곳', '#선녀탕', '#제주도여행', '#제주도관광', '#제주도데이트', '#제주도여행추천', '#제주도가볼만한곳']",2021-08-10,0,
..더울땐 빙수~.6개월 늦은 사진..여기도 제주다.#제주도사진찍기좋은곳 #제주도풍경 #제주도여행 #제주도카페 #제주도숙소 #제주도맛집 #제주도사진 #제주도모델 #제주도스냅 #제주도산책 #제주도관광 #제주도핫플 #제주도웨딩 #제주도가볼만한곳 #제주도도민맛집 #한라산 #제주도웨딩스냅 #제주도사진명소 #제주도 #jeju #일출 #일몰 #제주도여행코스 #제주도숨은맛집 #유채꽃 #수국 #산책,"['#제주도사진찍기좋은곳', '#제주도풍경', '#제주도여행', '#제주도카페', '#제주도숙소', '#제주도맛집', '#제주도사진', '#제주도모델', '#제주도스냅', '#제주도산책', '#제주도관광', '#제주도핫플', '#제주도웨딩', '#제주도가볼만한곳', '#제주도도민맛집', '#한라산', '#제주도웨딩스냅', '#제주도사진명소', '#제주도', '#jeju', '#일출', '#일몰', '#제주도여행코스', '#제주도숨은맛집', '#유채꽃', '#수국', '#산책']",2021-08-10,0,
"ㆍ제주 도민들이 더위를 피해 매년 여름 찾는 돈내코!파아랗고 맑은 물이 눈길을 사로잡죠.돈내코에 있는 두 개의 물줄기를 가진 폭포는금슬 좋은 원앙 한 쌍이 살았다고 전해지며 원앙폭포라는 이름이 붙었어요.현재는 코로나로 인해서 입구가 1개로 통제되어 있어요.마스크 꼭 착용하고 물놀이해야 하는 점 잊지 마세요~_🚩제주 서귀포시 돈내코로 114주차장o, 화장실o",[],2021-08-10,0,돈내코 원앙폭포
#달빛좋은밤 #제주달빛좋은밤 맛있는 파스타맛있는 흑돼지떡갈비푸짐한 식사가 가능한 곳오션뷰와 함께 식사하는 곳제주 달빛좋은밤🌙제주 달빛좋은밤☕Coffee&Dessert🧁Restaurant🍽🏝제주특별자치도 제주시 한림읍 한림로 424-1 2층🕚AM 11:00 ~ AM 00:00#제주맛집 #제주파스타맛집 #제주협재맛집 #제주한림맛집 #협재해수욕장맛집 #제주협재포구맛집 #제주현지인맛집 #제주협재가볼만한곳 #제주도파스타 #제주도갈만한곳 #제주도관광 #제주도핫플레이스 #제주시맛집,"['#달빛좋은밤', '#제주달빛좋은밤', '#제주맛집', '#제주파스타맛집', '#제주협재맛집', '#제주한림맛집', '#협재해수욕장맛집', '#제주협재포구맛집', '#제주현지인맛집', '#제주협재가볼만한곳', '#제주도파스타', '#제주도갈만한곳', '#제주도관광', '#제주도핫플레이스', '#제주시맛집']",2021-08-09,0,
"⠀⠀Q. 홍보효과를 높이기위한 인기게시물 상위노출 방법을 알수 있나요!A. barostar 홈페이지.(http://barostar.kr)에서 알고리즘을 무료로 제공합니다.⠀Q. 상위노출은 최적화계정이어야만 가능한가요!A. 그렇습니다. 인공지능 봇이 평가하여 최적화계정을 판단합니다.⠀Q. 나의 계정이 최적화계정인지 알수있나요!A. 카톡채널(http://pf.kakao.com/_etnxjxb/chat)에 인스타아이디를 남기면 무료로 결과를 올려드립니다.⠀Q. 스스로 최적화계정을 만들수 있나요!A. barostar 홈페이지.에서 스스로 만들수 있습니다.⠀Q. 스스로 인기게시물 상위노출도 할수있나요!A. barostar 홈페이지.에서 할 수 있습니다.⠀Q. 가성비는 최고인가요!A. 최적화계정에 필요한 高품질 최저價(70%할인)의 서비스를 제공합니다.(팔로워, 좋아요., 댓글., 조회수., 유튜브,틱톡, 상위노출 패키지, 자동계정관리 등)⠀Q. 주문취소/환불은 가능한가요!A. 가능합니다.⠀Q. 안전한가요!A. 100% 안전합니다.⠀Q. 이용시간은!A. 365일 연중무휴 24시간 운영⠀⠀⠀#감성여행 #제주도관광#소통소통 #정선여행#1박2일여행 #트래킹#여행사 #맞팔환영해요#홍천여행 #둘레길#자동차여행 #오지캠핑#해외여행추천 #가을여행#당일치기여행 #여행가자#맞팔선팔 #일상소통#소확행 #일상기록⠀","['#감성여행', '#제주도관광', '#소통소통', '#정선여행', '#1박2일여행', '#트래킹', '#여행사', '#맞팔환영해요', '#홍천여행', '#둘레길', '#자동차여행', '#오지캠핑', '#해외여행추천', '#가을여행', '#당일치기여행', '#여행가자', '#맞팔선팔', '#일상소통', '#소확행', '#일상기록⠀']",2021-08-09,0,
아빠딸엄마아들딴집도 그런가?_#제주도오름 #제주도가족스냅 #아부오름 #주일 #주일예배 #은혜가득 #제주도스냅 #가족스냅 #인생샷찍기 #인생샷명소 #인생사진찍기 #제주도여행코스 #제주도포토존 #제주도포토스팟 #제주도사진 #제주도핫플레이스 #제주도핫플 #제주도여행사진 #제주여행지 #제주도여행지 #제주도추천여행지 #제주도추천 #제주도추천코스 #제주도추천여행지 #제주도관광지 #제주도관광 #제주도관광지추천 #제주도여행스냅 #제주도여행하기좋은곳 #제주오름,"['#제주도오름', '#제주도가족스냅', '#아부오름', '#주일', '#주일예배', '#은혜가득', '#제주도스냅', '#가족스냅', '#인생샷찍기', '#인생샷명소', '#인생사진찍기', '#제주도여행코스', '#제주도포토존', '#제주도포토스팟', '#제주도사진', '#제주도핫플레이스', '#제주도핫플', '#제주도여행사진', '#제주여행지', '#제주도여행지', '#제주도추천여행지', '#제주도추천', '#제주도추천코스', '#제주도추천여행지', '#제주도관광지', '#제주도관광', '#제주도관광지추천', '#제주도여행스냅', '#제주도여행하기좋은곳', '#제주오름']",2021-08-09,0,아부오름
-동백키친 속 작은감성악세사리♥️동백샾♥️셀룰로오즈 사각집게핀(프랑스메이드입니당)친구가 너무 잘사용하고 있다며인증샷 보내줬어요☺️자개무늬가 스트라이프로 들어간디자인이에요!쨍하지않은 톤다운된 핑크라 가을에도 무난하게 스타일링 가능할것같아요✨@jeju_dongbaek_kitchen 동백키친 속 작은감성악세사리샾✨영업시간은 동백키친과 같아요!Open 11:00Close 20:00목요일은 휴무입니다.메뉴기다리시는 동안 구경하기도 좋아요😊--#제주도 #제주서쪽 #한림 #협재 #애월 #제주가볼만한곳 #제주도관광#협재해수욕장 #금능해수욕장 #감성소품 #감성 #악세사리 #동백키친 #파스타맛집 #한림맛집 #제주도민맛집 #이어링 #귀걸이 #반지 #원석반지 #원석귀걸이 #실버악세사리 #실버925 #감성샾 #프랑스산 #셀룰로오즈#셀룰로오스 #집게핀 #스타일링 #ootd,"['#제주도', '#제주서쪽', '#한림', '#협재', '#애월', '#제주가볼만한곳', '#제주도관광', '#협재해수욕장', '#금능해수욕장', '#감성소품', '#감성', '#악세사리', '#동백키친', '#파스타맛집', '#한림맛집', '#제주도민맛집', '#이어링', '#귀걸이', '#반지', '#원석반지', '#원석귀걸이', '#실버악세사리', '#실버925', '#감성샾', '#프랑스산', '#셀룰로오즈', '#셀룰로오스', '#집게핀', '#스타일링', '#ootd']",2021-08-09,0,제주도 한림
우리 락쓰뮤 왜케 기여워😻,[],2021-08-09,0,제주 그린데이 게스트하우스 'GreenDay' jeju guesthouse & backpackers & hostel
-동백키친 속 작은 감성악세사리💚동백샾💚(인기)담수진주 팔찌/반지 드디어 재입고되었어요!구경오세용👀@jeju_dongbaek_kitchen 동백키친 속 작은감성악세사리샾✨영업시간은 동백키친과 같아요!Open 11:00Close 20:00목요일은 휴무입니다.메뉴기다리시는 동안 구경하기도 좋아요😊--#제주도 #제주서쪽 #한림 #협재 #애월 #제주가볼만한곳 #제주도관광#협재해수욕장 #금능해수욕장 #감성소품 #감성 #악세사리 #동백키친 #파스타맛집 #한림맛집 #제주현지인맛집 #이어링 #귀걸이 #반지 #원석반지 #원석귀걸이 #실버악세사리 #실버925 #감성샾 #프랑스산 #셀룰로오즈#셀룰로오스 #집게핀 #스타일링 #ootd,"['#제주도', '#제주서쪽', '#한림', '#협재', '#애월', '#제주가볼만한곳', '#제주도관광', '#협재해수욕장', '#금능해수욕장', '#감성소품', '#감성', '#악세사리', '#동백키친', '#파스타맛집', '#한림맛집', '#제주현지인맛집', '#이어링', '#귀걸이', '#반지', '#원석반지', '#원석귀걸이', '#실버악세사리', '#실버925', '#감성샾', '#프랑스산', '#셀룰로오즈', '#셀룰로오스', '#집게핀', '#스타일링', '#ootd']",2021-08-09,0,제주도 한림
엄마아빠사진에 열정적인편ㅋㅋㅋㅋㅋㅋㅋㅋㅋㅋㅋㅋㅋㅋㅋㅋㅋㅋㅋㅋㅋㅋㅋㅋㄲㅋㅋㄲㅋㅋ#제주도 #제주도가족여행 #가족여행 #제주도볼거리 #제주도관광 #서귀포볼거리 #섭지코지 #성산일출봉 #제주도민 #여행 #엄마아빠 #사랑해💕,"['#제주도', '#제주도가족여행', '#가족여행', '#제주도볼거리', '#제주도관광', '#서귀포볼거리', '#섭지코지', '#성산일출봉', '#제주도민', '#여행', '#엄마아빠', '#사랑해💕']",2021-08-09,0,
#오설록🌿#제주도 #제주도관광 #여행 #럽스타그램 #제주커플 #맞팔 #관광지 #제주도가볼만한곳 #제주 #jeju #오설록,"['#오설록🌿', '#제주도', '#제주도관광', '#여행', '#럽스타그램', '#제주커플', '#맞팔', '#관광지', '#제주도가볼만한곳', '#제주', '#jeju', '#오설록']",2021-08-08,0,오설록티뮤지엄
#이쁘당 #심취한나근#제주도 #제주도관광 #여행 #럽스타그램 #제주커플 #맞팔 #관광지 #제주도가볼만한곳 #제주 #jeju,"['#이쁘당', '#심취한나근', '#제주도', '#제주도관광', '#여행', '#럽스타그램', '#제주커플', '#맞팔', '#관광지', '#제주도가볼만한곳', '#제주', '#jeju']",2021-08-08,0,"이쁘당, 함덕마카롱, 디저트카페"
#미니언즈특별전🍌💛#제주도 #제주도관광 #여행 #럽스타그램 #제주커플 #맞팔 #관광지 #제주도가볼만한곳 #제주 #jeju,"['#미니언즈특별전🍌💛', '#제주도', '#제주도관광', '#여행', '#럽스타그램', '#제주커플', '#맞팔', '#관광지', '#제주도가볼만한곳', '#제주', '#jeju']",2021-08-08,0,
#제주아쿠아플라넷🐳#제주도 #제주도관광 #여행 #럽스타그램 #제주커플 #맞팔 #관광지 #제주도가볼만한곳 #제주 #jeju,"['#제주아쿠아플라넷🐳', '#제주도', '#제주도관광', '#여행', '#럽스타그램', '#제주커플', '#맞팔', '#관광지', '#제주도가볼만한곳', '#제주', '#jeju']",2021-08-08,0,Jeju Aqua Planet
#서연의집🏡#제주도 #제주도관광 #여행 #럽스타그램 #제주커플 #맞팔 #관광지 #제주도가볼만한곳 #제주 #jeju #카페 #cafe #서연의집,"['#서연의집🏡', '#제주도', '#제주도관광', '#여행', '#럽스타그램', '#제주커플', '#맞팔', '#관광지', '#제주도가볼만한곳', '#제주', '#jeju', '#카페', '#cafe', '#서연의집']",2021-08-08,0,건축학개론 서연이네집
#연동맛집 #고기국수🍜 #회국수#제주도 #제주도관광 #여행 #럽스타그램 #제주커플 #맞팔 #관광지 #제주도가볼만한곳 #제주 #jeju #먹스타그램,"['#연동맛집', '#고기국수🍜', '#회국수', '#제주도', '#제주도관광', '#여행', '#럽스타그램', '#제주커플', '#맞팔', '#관광지', '#제주도가볼만한곳', '#제주', '#jeju', '#먹스타그램']",2021-08-08,0,삼무국수
해 뜨는 법환의 아침☀️⠀📷 윰윰https://blog.naver.com/blahblah____/221717401751⠀,[],2021-08-09,0,서귀포 법환포구
날이 좋아서 기분도 좋았던 날⠀바람이 쌩쌩 불어도훌륭했던 법환포구🌪⠀📷 m_s2jiyolo⠀,[],2021-08-09,0,서귀포 법환포구
퇴적층 위에 작은 새싹이 올라왔네요🥰⠀누군가 심어놓은 것 같지만스스로 자생하고 있는 중입니다.⠀자연의 위대함을느끼는 순간이네요😃⠀📷 제주담은부부https://blog.naver.com/gaenn94/222356650292⠀,[],2021-08-09,0,제주 사계해변
"사계마을 위로 반짝이는 별⠀구름이 정말 많았던 날,운 좋게도 하늘이 잠시 맑아진 순간반짝이는 별을 카메라에 담아봅니다.⠀📷 김집사https://blog.naver.com/gimyos/222442480197⠀",[],2021-08-09,0,제주 사계해변
하도 어촌계 펜션🙌펜션과 식당이 한 건물 안에 있어요👍⠀✅ 깔끔한 시설✅ 넓은 주차장 완비✅ 바비큐장 완비✅ 단체 숙박 가능⠀📞 064-783-1994📍 제주시 구좌읍 해맞이해안로 1926-3⠀,[],2021-08-09,0,하도어촌계
하도 해수욕장에서시원한 여름을 즐겨보세요😆⠀📷 from_jiyeon_in_jeju⠀,[],2021-08-09,0,하도어촌계
시골 한적한 정원이 이쁜 카페(글렌코)여성분들이 너무 좋아하는 카페사진을 잘 못찍는 분들 강추🥳#제주도관광#제주도여행개발#바람소리#제주상품곧오픈,"['#제주도관광', '#제주도여행개발', '#바람소리', '#제주상품곧오픈']",2021-08-09,0,
#아녜스의앞치마 .어제는 비가 많이 왔는데~~오늘은 정말 맑은하늘이네요💙 더운여름 건강조심하시구요~~^^디저트 만들며 기다릴께요💙💙..📌주차는 가게 정면에 오른쪽 주차칸에 주차하시고만차시 바다방향으로 약50미터 정도 내려가시면주차 하실 수 있습니다🤗.📌버스 탑승시 201번 버스 탑승하시고 금산목 정류장에서 내려 바다 방향으로 3-5분정도내려오시면 됩니다 🤗...#제주#제주도#9월제주도가볼만한곳#8월제주도가볼만한곳#제주도관광#제주도가볼만한곳#제주도관광지#제주동쪽가볼만한곳#제주도갈만한곳#제주동부가볼만한곳#제주카페#제주도카페#제주여행추천#구좌읍카페#JEJU#행원리카페#제주구좌가볼만한곳#제주도꼭가봐야할곳#제주핫플레이스#제주도코스#뷰좋은카페#제주여행#제주도맛집추천#월정리카페#제주도예쁜카페#월정리맛집#제주도핫플레이스#제주도까페#제주뚜벅이여행,"['#아녜스의앞치마', '#제주', '#제주도', '#9월제주도가볼만한곳', '#8월제주도가볼만한곳', '#제주도관광', '#제주도가볼만한곳', '#제주도관광지', '#제주동쪽가볼만한곳', '#제주도갈만한곳', '#제주동부가볼만한곳', '#제주카페', '#제주도카페', '#제주여행추천', '#구좌읍카페', '#JEJU', '#행원리카페', '#제주구좌가볼만한곳', '#제주도꼭가봐야할곳', '#제주핫플레이스', '#제주도코스', '#뷰좋은카페', '#제주여행', '#제주도맛집추천', '#월정리카페', '#제주도예쁜카페', '#월정리맛집', '#제주도핫플레이스', '#제주도까페', '#제주뚜벅이여행']",2021-08-09,0,아녜스의앞치마
"ㆍ추적추적 비가 오던 날, 서부농업기술센터에 다녀왔어요.날이 흐려 우중충한 마음과는 다르게빨강 주황 화려한 맨드라미가 활짝 피어있었어요.늦은 시기에 방문했는지 여름 꽃들이 많이 져버렸지만,여전히 피어있는 꽃과 굳건히 자리를 지키는 나무 틈에서사진을 찍으며 좋은 추억을 남기고 왔답니다._🚩제주 제주시 한림읍 월림7길 90주차장o, 화장실x",[],2021-08-09,0,서부농업기술센터
"⠀⠀Q. 홍보효과를 높이기위한 인기게시물 상위노출 방법을 알수 있나요?A. 바로스타 홈페이지(http://barostar.kr)에서 알고리즘을 무료로 제공합니다.⠀Q. 상위노출은 최적화계정이어야만 가능한가요?A. 그렇습니다. 인공지능 봇이 평가하고 최적화계정을 판단합니다.⠀Q. 나의 계정이 최적화계정인지 알수있나요?A. 카톡채널(http://pf.kakao.com/_etnxjxb/chat)에 인스타아이디를 남겨놓으면 무료로 결과를 올려드립니다.⠀Q. 자신이 최적화계정을 만들수 있나요?A. 바로스타 홈페이지에서 자신이 만들수 있습니다.⠀Q. 자신이 인기게시물 상위노출도 할수있나요?A. 바로스타 홈페이지에서 할 수 있습니다.⠀Q. 가성비는 최고인가요?A. 최적화계정에 필요한 高품질 최저價(70%할인)의 서비스를 제공합니다.(팔로워., 좋아요, 댓글., 조회수, 유튜브.,틱톡, 상위노출 패키지, Self 자동계정관리 등)⠀Q. 주문취소/환불은 가능한가요?A. 가능합니다.⠀Q. 안전한가요?A. 100% 안전합니다.⠀Q. 이용시간은?A. 365일 연중무휴 24시간 운영⠀⠀⠀#섬여행 #제주도관광#패키지여행 #캠프장#1박2일여행 #차박여행#뚜벅이 #가족여행추천#영흥도 #해외여행#소통해요 #힐링캠프#부산여행추천 #낭만여행#당일 #여행은즐거워#좋반해요 #일상소통#소통환영 #댓글.환영⠀","['#섬여행', '#제주도관광', '#패키지여행', '#캠프장', '#1박2일여행', '#차박여행', '#뚜벅이', '#가족여행추천', '#영흥도', '#해외여행', '#소통해요', '#힐링캠프', '#부산여행추천', '#낭만여행', '#당일', '#여행은즐거워', '#좋반해요', '#일상소통', '#소통환영', '#댓글.환영⠀']",2021-08-08,0,
#양궁카페🎯#제주도 #제주도관광 #여행 #럽스타그램 #제주커플 #맞팔 #관광지 #제주도가볼만한곳 #제주 #jeju,"['#양궁카페🎯', '#제주도', '#제주도관광', '#여행', '#럽스타그램', '#제주커플', '#맞팔', '#관광지', '#제주도가볼만한곳', '#제주', '#jeju']",2021-08-08,0,제주시청에서
#제주유리의성#제주가볼만한곳 #제주도관광 #제주관광지 #제주여행추천 #제주가족여행 #제주도유리,"['#제주유리의성', '#제주가볼만한곳', '#제주도관광', '#제주관광지', '#제주여행추천', '#제주가족여행', '#제주도유리']",2021-08-08,0,
"#첫줄 며칠째 붓과 한몸이구나😅라디오를 듣는데 #김미경강사 나왔다.청취자가 “꿈을 어떻게 찾아요?” 라는 질문에 하신 말씀 “꿈은 찾으려 하지마세요,그냥 당신이 좋아하는것을 해보세요.”나도 뭐 딱히 꿈은 없는것 같다. 단지 좋아하는걸 하는것일뿐!근데..하다 때려치는게 많아 문제지만🤪아무튼 내일부턴 또 좋아하는걸 찾아야겠구만👊#제주사람 #글씨쓰는여자 #홈캘리#제주도여행 #제주도관광 #제주실외가볼만한곳#제주맛집투어 #제주카페투어 #제주기와#제주도 #제주캘리그라피 #캘리그라피제주 #제주손글씨 #손글씨#캘리그라피소품 #캘리그라피액자 #캘리그라피선물#감성캘리 #좋은글귀#캘리그라피 #제온캘리 #제온글씨 #이산글씨학교 #펜글씨 #글씨디자인#패턴캘리그라피 #붓캘리그라피","['#첫줄', '#김미경강사', '#제주사람', '#글씨쓰는여자', '#홈캘리', '#제주도여행', '#제주도관광', '#제주실외가볼만한곳', '#제주맛집투어', '#제주카페투어', '#제주기와', '#제주도', '#제주캘리그라피', '#캘리그라피제주', '#제주손글씨', '#손글씨', '#캘리그라피소품', '#캘리그라피액자', '#캘리그라피선물', '#감성캘리', '#좋은글귀', '#캘리그라피', '#제온캘리', '#제온글씨', '#이산글씨학교', '#펜글씨', '#글씨디자인', '#패턴캘리그라피', '#붓캘리그라피']",2021-08-07,0,
두툼한게 입에서녹네?,[],2021-08-07,0,
"⠀⠀Q. 홍보효과를 높이기위한 인기게시물 상위노출 방법을 알수 있나요!A. 바로스타 홈페이지.(http://barostar.kr)에서 알고리즘을 무료로 제공합니다.⠀Q. 상위노출은 최적화계정이어야만 가능한가요!A. 그렇습니다. 인공지능 봇이 평가하여 최적화계정을 판단합니다.⠀Q. 나의 계정이 최적화계정인지 알수있나요!A. 카톡채널(http://pf.kakao.com/_etnxjxb/chat)에 인스타아이디를 남겨놓으면 무료로 결과를 올려드립니다.⠀Q. 스스로 최적화계정을 만들수 있나요!A. 바로스타 홈페이지.에서 스스로 만들수 있습니다.⠀Q. 스스로 인기게시물 상위노출도 할수있나요!A. 바로스타 홈페이지.에서 할 수 있습니다.⠀Q. 가성비는 최고인가요!A. 최적화계정에 필요한 高품질 최저價(70%할인)의 서비스를 제공합니다.(팔로워., 좋아요, 댓글, 조회수, 유튜브.,틱톡., 상위노출 패키지, 자동계정관리 등)⠀Q. 주문취소/환불은 가능한가요!A. 가능합니다.⠀Q. 안전한가요!A. 100% 안전합니다.⠀Q. 이용시간은!A. 365일 연중무휴 24시간 운영⠀⠀⠀#섬여행 #제주도관광#소통소통 #춘천가볼만한곳#3박4일 #도보여행#뚜벅이여행 #좋아요반사#태안여행 #해외여행#자동차여행 #오지캠핑#부산여행추천 #가을여행#당일 #여행은즐거워#선팔댓글 #선팔하면맞팔#소확행 #댓글환영⠀","['#섬여행', '#제주도관광', '#소통소통', '#춘천가볼만한곳', '#3박4일', '#도보여행', '#뚜벅이여행', '#좋아요반사', '#태안여행', '#해외여행', '#자동차여행', '#오지캠핑', '#부산여행추천', '#가을여행', '#당일', '#여행은즐거워', '#선팔댓글', '#선팔하면맞팔', '#소확행', '#댓글환영⠀']",2021-08-07,0,
"⠀⠀Q. 홍보효과를 높이기위한 인기게시물 상위노출 방법을 알수 있나요?A. 바로스타 홈페이지(http://barostar.kr)에서 알고리즘을 무료로 제공합니다.⠀Q. 상위노출은 최적화계정이어야만 가능한가요?A. 그렇습니다. 인공지능 봇이 평가하여 최적화계정을 판단합니다.⠀Q. 나의 계정이 최적화계정인지 알수있나요?A. 카톡채널(http://pf.kakao.com/_etnxjxb/chat)에 인스타아이디를 남겨놓으면 무료로 결과를 올려드립니다.⠀Q. 자신이 최적화계정을 만들수 있나요?A. 바로스타 홈페이지에서 자신이 만들수 있습니다.⠀Q. 자신이 인기게시물 상위노출도 할수있나요?A. 바로스타 홈페이지에서 할 수 있습니다.⠀Q. 가성비는 최고인가요?A. 최적화계정에 필요한 高품질 최저價(70%할인)의 서비스를 제공합니다.(팔로워, 좋아요., 댓글, 조회수, 유튜브,틱톡., 상위노출 패키지, 자동계정관리 등)⠀Q. 주문취소/환불은 가능한가요?A. 가능합니다.⠀Q. 안전한가요?A. 100% 안전합니다.⠀Q. 이용시간은?A. 365일 연중무휴 24시간 운영⠀⠀⠀#순례여행 #제주도관광#선팔환영 #캠프장#2박3일여행 #차박여행#신혼여행 #가족여행추천#영흥도 #해외여행#소통해요 #캠핑여행#해외여행추천 #낭만여행수학여행 #즐거운여행#맞팔선팔 #일상그램#좋반테러 #맞팔스타그램","['#순례여행', '#제주도관광', '#선팔환영', '#캠프장', '#2박3일여행', '#차박여행', '#신혼여행', '#가족여행추천', '#영흥도', '#해외여행', '#소통해요', '#캠핑여행', '#해외여행추천', '#낭만여행수학여행', '#즐거운여행', '#맞팔선팔', '#일상그램', '#좋반테러', '#맞팔스타그램']",2021-08-07,0,
#아녜스의앞치마 .시원한 아아에 달달한케이쿠 한조각 먹구 오픈준비다 했답니다~^^ㅎㅎ더위 조심하세요💙💙💙💙....📌주차는 가게 정면에 오른쪽 주차칸에 주차하시고만차시 바다방향으로 약50미터 정도 내려가시면주차 하실 수 있습니다🤗.📌버스 탑승시 201번 버스 탑승하시고 금산목 정류장에서 내려 바다 방향으로 3-5분정도내려오시면 됩니다 🤗...#제주#제주도#9월제주도가볼만한곳#8월제주도가볼만한곳#제주도관광#제주도가볼만한곳#제주도관광지#제주동쪽가볼만한곳#제주도갈만한곳#제주동부가볼만한곳#제주카페#제주도카페#제주여행추천#구좌읍카페#JEJU#행원리카페#제주구좌가볼만한곳#제주도꼭가봐야할곳#제주핫플레이스#제주도코스#뷰좋은카페#제주여행#제주도맛집추천#월정리카페#제주도예쁜카페#월정리맛집#제주도핫플레이스#제주도까페#제주뚜벅이여행,"['#아녜스의앞치마', '#제주', '#제주도', '#9월제주도가볼만한곳', '#8월제주도가볼만한곳', '#제주도관광', '#제주도가볼만한곳', '#제주도관광지', '#제주동쪽가볼만한곳', '#제주도갈만한곳', '#제주동부가볼만한곳', '#제주카페', '#제주도카페', '#제주여행추천', '#구좌읍카페', '#JEJU', '#행원리카페', '#제주구좌가볼만한곳', '#제주도꼭가봐야할곳', '#제주핫플레이스', '#제주도코스', '#뷰좋은카페', '#제주여행', '#제주도맛집추천', '#월정리카페', '#제주도예쁜카페', '#월정리맛집', '#제주도핫플레이스', '#제주도까페', '#제주뚜벅이여행']",2021-08-07,0,아녜스의앞치마
#아녜스의앞치마 .잠깐만 밖에 있어도 살이 다 타버릴것 같은 강렬한 날씨네요~^^오늘도 7시까지 열어둘께요❤❤..📌주차는 가게 정면에 오른쪽 주차칸에 주차하시고만차시 바다방향으로 약50미터 정도 내려가시면주차 하실 수 있습니다🤗.📌버스 탑승시 201번 버스 탑승하시고 금산목 정류장에서 내려 바다 방향으로 3-5분정도내려오시면 됩니다 🤗...#제주#제주도#9월제주도가볼만한곳#8월제주도가볼만한곳#제주도관광#제주도가볼만한곳#제주도관광지#제주동쪽가볼만한곳#제주도갈만한곳#제주동부가볼만한곳#제주카페#제주도카페#제주여행추천#구좌읍카페#JEJU#행원리카페#제주구좌가볼만한곳#제주도꼭가봐야할곳#제주핫플레이스#제주도코스#뷰좋은카페#제주여행#제주도맛집추천#월정리카페#제주도예쁜카페#월정리맛집#제주도핫플레이스#제주도까페#제주뚜벅이여행,"['#아녜스의앞치마', '#제주', '#제주도', '#9월제주도가볼만한곳', '#8월제주도가볼만한곳', '#제주도관광', '#제주도가볼만한곳', '#제주도관광지', '#제주동쪽가볼만한곳', '#제주도갈만한곳', '#제주동부가볼만한곳', '#제주카페', '#제주도카페', '#제주여행추천', '#구좌읍카페', '#JEJU', '#행원리카페', '#제주구좌가볼만한곳', '#제주도꼭가봐야할곳', '#제주핫플레이스', '#제주도코스', '#뷰좋은카페', '#제주여행', '#제주도맛집추천', '#월정리카페', '#제주도예쁜카페', '#월정리맛집', '#제주도핫플레이스', '#제주도까페', '#제주뚜벅이여행']",2021-08-07,0,아녜스의앞치마
날쌘돌이 락쓰무,[],2021-08-07,0,제주 그린데이 게스트하우스 'GreenDay' jeju guesthouse & backpackers & hostel
#제주여행은처음이라숙소 이동하는 길에 들렀던 #서귀포자연휴양림 계획에 없던 곳이었는데걱정과 달리 산바람은 정말 시원했다.하늘과 가까워질수록 구름은 더 예쁘고섶섬 문섬 범섬 섬총사도 한눈에 보이네.🧡,"['#제주여행은처음이라숙소', '#서귀포자연휴양림']",2021-08-06,0,서귀포자연휴양림
"⠀⠀Q. 홍보효과를 높이기위한 인기게시물 상위노출 방법을 알수 있나요?A. 바로스타 홈페이지.(http://barostar.kr)에서 알고리즘을 무료로 제공합니다.⠀Q. 상위노출은 최적화계정이어야만 가능한가요?A. 그렇습니다. 인공지능 봇이 평가하여 최적화계정을 판단합니다.⠀Q. 나의 계정이 최적화계정인지 알수있나요?A. 카톡채널(http://pf.kakao.com/_etnxjxb/chat)에 인스타아이디를 남기면 무료로 결과를 올려드립니다.⠀Q. 자신이 최적화계정을 만들수 있나요?A. 바로스타 홈페이지.에서 자신이 만들수 있습니다.⠀Q. 자신이 인기게시물 상위노출도 할수있나요?A. 바로스타 홈페이지.에서 할 수 있습니다.⠀Q. 가성비는 최고인가요?A. 최적화계정에 필요한 高품질 최저價(70%할인)의 서비스를 제공합니다.(팔로워., 좋아요, 댓글, 조회수, 유튜브.,틱톡, 상위노출 패키지, Self 자동계정관리 등)⠀Q. 주문취소/환불은 가능한가요?A. 가능합니다.⠀Q. 안전한가요?A. 100% 안전합니다.⠀Q. 이용시간은?A. 365일 연중무휴 24시간 운영⠀⠀⠀#섬여행 #제주도관광#선팔환영 #정선여행#3박4일 #차박여행#신혼여행 #가족여행추천#홍천여행 #산악여행#좋아요반사댓 #캠핑여행#해외여행추천 #졸업여행수학여행 #여행은즐거워#맞팔해여 #일상소통#소확행 #댓글환영⠀","['#섬여행', '#제주도관광', '#선팔환영', '#정선여행', '#3박4일', '#차박여행', '#신혼여행', '#가족여행추천', '#홍천여행', '#산악여행', '#좋아요반사댓', '#캠핑여행', '#해외여행추천', '#졸업여행수학여행', '#여행은즐거워', '#맞팔해여', '#일상소통', '#소확행', '#댓글환영⠀']",2021-08-06,0,
"#제주와인소주바 새로운 와인들이 들어왔어요‼️다양한 포장,배달 음식과 같이 드실 수있게 저희도 항상 다양한 주류를 준비 하고 있습니다.편하게 방문 해주세요~ :)",['#제주와인소주바'],2021-08-06,0,노댄스 바
"⠀⠀Q. 홍보효과를 높이기위한 인기게시물 상위노출 방법을 알수 있나요?A. 바로스타 홈페이지.(http://barostar.kr)에서 알고리즘을 무료로 제공합니다.⠀Q. 상위노출은 최적화계정이어야만 가능한가요?A. 그렇습니다. 인공지능 봇이 평가하고 최적화계정을 판단합니다.⠀Q. 나의 계정이 최적화계정인지 알수있나요?A. 카톡채널(http://pf.kakao.com/_etnxjxb/chat)에 인스타아이디를 남기면 무료로 결과를 올려드립니다.⠀Q. 스스로 최적화계정을 만들수 있나요?A. 바로스타 홈페이지.에서 스스로 만들수 있습니다.⠀Q. 스스로 인기게시물 상위노출도 할수있나요?A. 바로스타 홈페이지.에서 할 수 있습니다.⠀Q. 가성비는 최고인가요?A. 최적화계정에 필요한 高품질 최저價(70%할인)의 서비스를 제공합니다.(팔로워, 좋아요., 댓글., 조회수., 유튜브.,틱톡., 상위노출 패키지, Self 자동계정관리 등)⠀Q. 주문취소/환불은 가능한가요?A. 가능합니다.⠀Q. 안전한가요?A. 100% 안전합니다.⠀Q. 이용시간은?A. 365일 연중무휴 24시간 운영⠀⠀⠀#순례여행 #제주도관광#소통소통 #춘천가볼만한곳#2박3일여행 #트래킹#여행사 #좋아요.반사#홍천여행 #해외여행#소통해요 #힐링캠프#부산여행추천 #가을여행수학여행 #여행가자#맞팔선팔 #일상그램#소통환영 #일상기록⠀","['#순례여행', '#제주도관광', '#소통소통', '#춘천가볼만한곳', '#2박3일여행', '#트래킹', '#여행사', '#좋아요.반사', '#홍천여행', '#해외여행', '#소통해요', '#힐링캠프', '#부산여행추천', '#가을여행수학여행', '#여행가자', '#맞팔선팔', '#일상그램', '#소통환영', '#일상기록⠀']",2021-08-06,0,
"홀리데이다이빙 마이리얼트립 이벤트중!!👉🏻 마이리얼트립 예약/최대 8천원 할인중/중복할인 https://www.myrealtrip.com/offers/84229?utm_source=mrt_instagram&utm_medium=profile&utm_campaign=purchase_insta_diving_holiday 🌏사람과 우리가 사는 지구는 절반이상이 물로 이루어져있습니다.🌏🙅🏻‍♂️사람의 몸속은 탐험할수 없지만😥👌지구의 물속은 언제든지 탐험할수 있습니다😜😃Holiday 는 다른센터와 차별화된 구성으로 모든 코스를 진행합니다.😍제주도에서 안전을 최우선으로 생각하는 다이빙센터입니다.😎최고의 강사진으로 다이버에게 편안함을 제공합니다.🎲즐길거리🎲💎체험다이빙 : 59,000원부터🛶 펀다이빙 : 120,000원부터🎓배울거리(🎓🚑 PADI EFR : 150,000원 🏍 PADI #Scuba Diver(최소 1일과정) : 300,000원 부터🔥🚲 PADI #Openwater Diver (최소 2일과정) : 550,000원부터 🆒🛵 PADI #Advanced Openwater Diver (최소 2일과정) : 550,000원부터 💥🚗 PADI Openwater + Advanced (최소 3일과정) : 850,000원부터 ‼️🏥 PADI RESCUE Diver : 500,000원🚀 각종 PADI Specialty : 전화 문의🏛배울거리(PRO단계)🏛🚁PADI DIVEMASTER : 800,000원✈️PADI OPENWATER INSTRUCTOR : 전화문의🎁2021년 교육 등록시 10만원 상당의 선물 증정🎁🏠 :  제주특별자치도 서귀포시 칠십리로91번길 25📞 : 010-2188-1337📨 : holidaydivingkorea@gmail.com📱 : Kakao talk : divingkorea  Wechat : divingkorea #제주도스킨스쿠버 #제주도체험다이빙 #제주도스쿠버다이빙 #제주도여행 #제주도관광#제주도즐길거리#제주도익스트림#제주도다이빙 ​#체험다이빙#스킨스쿠버#스쿠버다이빙#holiday#济州岛潜水#济州岛#潜水#오픈워터#PADI#scubadiving#scubadiverhttps://smartstore.naver.com/divingkorea","['#Scuba', '#Openwater', '#Advanced', '#제주도스킨스쿠버', '#제주도체험다이빙', '#제주도스쿠버다이빙', '#제주도여행', '#제주도관광', '#제주도즐길거리', '#제주도익스트림', '#제주도다이빙', '#체험다이빙', '#스킨스쿠버', '#스쿠버다이빙', '#holiday', '#济州岛潜水', '#济州岛', '#潜水', '#오픈워터', '#PADI', '#scubadiving', '#scubadiverhttps://smartstore.naver.com/divingkorea']",2021-08-06,0,Holiday Diving Korea
"⠀⠀Q. 홍보효과를 높이기위한 인기게시물 상위노출 방법을 알수 있나요?A. 바로스타 홈페이지.(http://barostar.kr)에서 알고리즘을 무료로 제공합니다.⠀Q. 상위노출은 최적화계정이어야만 가능한가요?A. 그렇습니다. 인공지능 봇이 평가하고 최적화계정을 판단합니다.⠀Q. 나의 계정이 최적화계정인지 알수있나요?A. 카톡채널(http://pf.kakao.com/_etnxjxb/chat)에 인스타아이디를 남겨놓으면 무료로 결과를 올려드립니다.⠀Q. 자신이 최적화계정을 만들수 있나요?A. 바로스타 홈페이지.에서 자신이 만들수 있습니다.⠀Q. 자신이 인기게시물 상위노출도 할수있나요?A. 바로스타 홈페이지.에서 할 수 있습니다.⠀Q. 가성비는 최고인가요?A. 최적화계정에 필요한 高품질 최저價(70%할인)의 서비스를 제공합니다.(팔로워, 좋아요, 댓글, 조회수., 유튜브,틱톡., 상위노출 패키지, 자동계정관리 등)⠀Q. 주문취소/환불은 가능한가요?A. 가능합니다.⠀Q. 안전한가요?A. 100% 안전합니다.⠀Q. 이용시간은?A. 365일 연중무휴 24시간 운영⠀⠀⠀#감성여행 #제주도관광#패키지여행 #춘천가볼만한곳#2박3일여행 #트래킹#뚜벅이 #좋아요반사#태안여행 #숲길#자전거여행 #힐링캠프#제주여행추천 #낭만여행#당일 #즐거운여행#맞팔해여 #선팔하면맞팔#소통환영 #일상기록⠀","['#감성여행', '#제주도관광', '#패키지여행', '#춘천가볼만한곳', '#2박3일여행', '#트래킹', '#뚜벅이', '#좋아요반사', '#태안여행', '#숲길', '#자전거여행', '#힐링캠프', '#제주여행추천', '#낭만여행', '#당일', '#즐거운여행', '#맞팔해여', '#선팔하면맞팔', '#소통환영', '#일상기록⠀']",2021-08-06,0,
#제주도택시투어 #제주도해변 #제주도관광 #제주도여행 #제주도해수욕장 #제주도카페 #제주택시투어 #제주도쏠라티 #제주쏠라티 #제주도관광버스 #제주도미니버스 #탐라여행사 #064-711-4577,"['#제주도택시투어', '#제주도해변', '#제주도관광', '#제주도여행', '#제주도해수욕장', '#제주도카페', '#제주택시투어', '#제주도쏠라티', '#제주쏠라티', '#제주도관광버스', '#제주도미니버스', '#탐라여행사', '#064-711-4577']",2021-08-06,0,이호테우해변
#아녜스의앞치마.녹차 좋아하시는 분들을 위한 메뉴에요~^^녹차와 우유 에스프레소에 달달한 녹차아이스크림까지!!!👍🌿녹차아이스크림라떼🌿.넘맛있오용ㅎㅎㅎ더운여름 건강조심하시구용 7시까지 열어둘께용.📌주차는 가게 정면에 오른쪽 주차칸에 주차하시고만차시 바다방향으로 약50미터 정도 내려가시면주차 하실 수 있습니다🤗.📌버스 탑승시 201번 버스 탑승하시고 금산목 정류장에서 내려 바다 방향으로 3-5분정도내려오시면 됩니다 🤗...#제주#제주도#9월제주도가볼만한곳#8월제주도가볼만한곳#제주도관광#제주도가볼만한곳#제주도관광지#제주동쪽가볼만한곳#제주도갈만한곳#제주동부가볼만한곳#제주카페#제주도카페#제주여행추천#구좌읍카페#JEJU#행원리카페#제주구좌가볼만한곳#제주도꼭가봐야할곳#제주핫플레이스#제주도코스#뷰좋은카페#제주여행#제주도맛집추천#월정리카페#제주도예쁜카페#월정리맛집#제주도핫플레이스#제주도까페#제주뚜벅이여행,"['#아녜스의앞치마.녹차', '#제주', '#제주도', '#9월제주도가볼만한곳', '#8월제주도가볼만한곳', '#제주도관광', '#제주도가볼만한곳', '#제주도관광지', '#제주동쪽가볼만한곳', '#제주도갈만한곳', '#제주동부가볼만한곳', '#제주카페', '#제주도카페', '#제주여행추천', '#구좌읍카페', '#JEJU', '#행원리카페', '#제주구좌가볼만한곳', '#제주도꼭가봐야할곳', '#제주핫플레이스', '#제주도코스', '#뷰좋은카페', '#제주여행', '#제주도맛집추천', '#월정리카페', '#제주도예쁜카페', '#월정리맛집', '#제주도핫플레이스', '#제주도까페', '#제주뚜벅이여행']",2021-08-06,0,아녜스의앞치마
법환포구에서 만난 귀여운 고양이⠀어쩐 일인지화가 난 표정이네요🥲⠀📷 by.kanna._⠀,[],2021-08-06,0,서귀포 법환포구
"쫄깃한 식감이 예술인 #제주뿔소라⠀제주에서 딱 하나의 음식만 먹어야 한다면전 뿔소라를 먹을 거예요.⠀정말 맛있거든요..🤔⠀뿔소라숙회, 뿔소라꼬치, 뿔소라무침 등어떻게 요리해도 최고랍니다👍⠀흔히 먹는 참소라와는 다른 종입니다.뿔소라가 훨씬 쫄깃해요❤️⠀제주 해녀가 직접 딴 뿔소라 맛보러사계리로 오세요😆⠀",['#제주뿔소라⠀제주에서'],2021-08-06,0,제주 사계해변
"아름다운 바다와 맛있는 음식,황홀한 일몰까지😊⠀천혜의 비경을 자랑하는 제주 법환으로지금, 떠나보세요!⠀여름엔 제주로❤️⠀📍 제주특별자치도 서귀포시 법환로 1⠀",[],2021-08-06,0,서귀포 법환포구
하늘빛이 예술이었던 사계 바다⠀정말 비현실적인 사진이죠?👍⠀📷 yi_jiyoon⠀,[],2021-08-06,0,제주 사계해변
"제주어 배워보카 #아꼽다⠀아니꼽다가 아닙니다🙅⠀'아꼽다'는 귀엽다, 사랑스럽다 라는 뜻으로아이들에게 많이 쓰는 말입니다.⠀저도 어릴 땐 참 많이 들었는데요...😂⠀혹시, 제주에 관광 오셨다가아꼽다는 말을 듣게 되면사랑스럽다는 칭찬이니기분 좋게 생각해 주세요❤️⠀",['#아꼽다⠀아니꼽다가'],2021-08-06,0,하도어촌계
별방진을 걷다.⠀📷 pearl_photo⠀,[],2021-08-06,0,하도어촌계
#아녜스의앞치마 .오늘도 역쉬 날씨가 좋으네요~~^^디저트 만들며 기다릴께요❤❤조심히오세요~~^^...📌주차는 가게 정면에 오른쪽 주차칸에 주차하시고만차시 바다방향으로 약50미터 정도 내려가시면주차 하실 수 있습니다🤗.📌버스 탑승시 201번 버스 탑승하시고 금산목 정류장에서 내려 바다 방향으로 3-5분정도내려오시면 됩니다 🤗...#제주#제주도#9월제주도가볼만한곳#8월제주도가볼만한곳#제주도관광#제주도가볼만한곳#제주도관광지#제주동쪽가볼만한곳#제주도갈만한곳#제주동부가볼만한곳#제주카페#제주도카페#제주여행추천#구좌읍카페#JEJU#행원리카페#제주구좌가볼만한곳#제주도꼭가봐야할곳#제주핫플레이스#제주도코스#뷰좋은카페#제주여행#제주도맛집추천#월정리카페#제주도예쁜카페#월정리맛집#제주도핫플레이스#제주도까페#제주뚜벅이여행,"['#아녜스의앞치마', '#제주', '#제주도', '#9월제주도가볼만한곳', '#8월제주도가볼만한곳', '#제주도관광', '#제주도가볼만한곳', '#제주도관광지', '#제주동쪽가볼만한곳', '#제주도갈만한곳', '#제주동부가볼만한곳', '#제주카페', '#제주도카페', '#제주여행추천', '#구좌읍카페', '#JEJU', '#행원리카페', '#제주구좌가볼만한곳', '#제주도꼭가봐야할곳', '#제주핫플레이스', '#제주도코스', '#뷰좋은카페', '#제주여행', '#제주도맛집추천', '#월정리카페', '#제주도예쁜카페', '#월정리맛집', '#제주도핫플레이스', '#제주도까페', '#제주뚜벅이여행']",2021-08-06,0,아녜스의앞치마
"ㆍ#리그램 - @kim_kyungsoo_제주도 다랑쉬오름제주 동부권 오름의 여왕으로 불리우는 월랑봉에서 w/ 오름도슨트...#제주도여행#다랑쉬오름#제주도오름#제주오름추천#월랑봉#오름도슨트#제주동부오름#전신스타그램#흔남스타그램#선팔맞팔#선팔맞팔환영#선팔100#여행스타그램#여행스타그램jeju#jejuisland_'더제주스토리'의 '오름 도슨트 투어'후기입니다.전문 해설사와 함께, 오름의 깊은 매력에 빠져보시는 건 어떠세요?","['#리그램', '#제주도여행', '#다랑쉬오름', '#제주도오름', '#제주오름추천', '#월랑봉', '#오름도슨트', '#제주동부오름', '#전신스타그램', '#흔남스타그램', '#선팔맞팔', '#선팔맞팔환영', '#선팔100', '#여행스타그램', '#여행스타그램jeju', ""#jejuisland_'더제주스토리'의""]",2021-08-06,0,다랑쉬오름
너무 이쁜 커플이네요😍(@duhyeon.hhh),[],2021-08-06,0,김녕 성세기 해변
"21-22시즌을 홀리데이와 함께 만들어가실 스탭을 모집합니다~~ 🌏사람과 우리가 사는 지구는 절반이상이 물로 이루어져있습니다.🌏🙅🏻‍♂️사람의 몸속은 탐험할수 없지만😥👌지구의 물속은 언제든지 탐험할수 있습니다😜😃Holiday 는 다른센터와 차별화된 구성으로 모든 코스를 진행합니다.😍제주도에서 안전을 최우선으로 생각하는 다이빙센터입니다.😎최고의 강사진으로 다이버에게 편안함을 제공합니다.🎲즐길거리🎲💎체험다이빙 : 59,000원부터🛶 펀다이빙 : 120,000원부터🎓배울거리(🎓🚑 PADI EFR : 150,000원 🏍 PADI #Scuba Diver(최소 1일과정) : 300,000원 부터🔥🚲 PADI #Openwater Diver (최소 2일과정) : 550,000원부터 🆒🛵 PADI #Advanced Openwater Diver (최소 2일과정) : 550,000원부터 💥🚗 PADI Openwater + Advanced (최소 3일과정) : 850,000원부터 ‼️🏥 PADI RESCUE Diver : 500,000원🚀 각종 PADI Specialty : 전화 문의🏛배울거리(PRO단계)🏛🚁PADI DIVEMASTER : 800,000원✈️PADI OPENWATER INSTRUCTOR : 전화문의🎁2021년 교육 등록시 10만원 상당의 선물 증정🎁🏠 :  제주특별자치도 서귀포시 칠십리로91번길 25📞 : 010-2188-1337📨 : holidaydivingkorea@gmail.com📱 : Kakao talk : divingkorea  Wechat : divingkorea #제주도스킨스쿠버 #제주도체험다이빙 #제주도스쿠버다이빙 #제주도여행 #제주도관광#제주도즐길거리#제주도익스트림#제주도다이빙 ​#체험다이빙#스킨스쿠버#스쿠버다이빙#holiday#济州岛潜水#济州岛#潜水#오픈워터#PADI#scubadiving#scubadiverhttps://smartstore.naver.com/divingkorea","['#Scuba', '#Openwater', '#Advanced', '#제주도스킨스쿠버', '#제주도체험다이빙', '#제주도스쿠버다이빙', '#제주도여행', '#제주도관광', '#제주도즐길거리', '#제주도익스트림', '#제주도다이빙', '#체험다이빙', '#스킨스쿠버', '#스쿠버다이빙', '#holiday', '#济州岛潜水', '#济州岛', '#潜水', '#오픈워터', '#PADI', '#scubadiving', '#scubadiverhttps://smartstore.naver.com/divingkorea']",2021-08-05,0,Holiday Diving Korea
"..Q. 홍보효과를 위한 상위 노출 방법을 알 수 있나요!A. 바로스타 홈페이지(http://barostar.kr)에서 방법을 무료로 알려드립니다.(알고리즘 무료제공).Q. 최적화 계정이 되어야 상위 노출이 가능한가요!A. 인스타그램 알고리즘이 최적화 계정 여부를 평가하여 게시물의 노출순위를 결정합니다..Q. 나의 계정이 최적화인지 무료로 확인할 수 있나요!A. 카톡채널(http://pf.kakao.com/_etnxjxb/chat)에 인스타아이디를 남겨놓으면 결과를 올려드립니다.(무료제공).Q. 스스로 최적화 계정을 만들려면 어떻게 해야되나요!A. 바로스타 홈페이지에서 스스로 만들면 됩니다..Q. 인기 게시물 상위 노출도 스스로 가능한가요!A. 바로스타에서 할 수 있습니다..Q. 최저가 가성비가 맞나요!A. 高품질 최저價(70%퍼센트)의 서비스를 제공합니다.(팔로워, 좋아요, 조회수, 댓글., 유튜브,틱톡, 상위 노출 패키지 등).Q. 주문취소 및 환불이 가능한가요!A. 시스템이 주문을 이행하지 못하면 자동으로 취소/환불 처리됩니다..Q. 계정이 안전한가요!A. 100% 안전하고 문제되지 않습니다..Q. 이용 가능한 시간은 어떻게 되나요!A. 언제든지 24시간 이용 가능합니다....#섬여행 #제주도관광#패키지여행 #캠프장#3박4일 #트래킹#뚜벅이여행 #맞팔환영해요#태안여행 #해외여행#자전거여행 #힐링캠프#부산여행추천 #낭만여행#당일 #여행은즐거워#선팔댓글. #일상그램#댓글.소통 #댓글.환영","['#섬여행', '#제주도관광', '#패키지여행', '#캠프장', '#3박4일', '#트래킹', '#뚜벅이여행', '#맞팔환영해요', '#태안여행', '#해외여행', '#자전거여행', '#힐링캠프', '#부산여행추천', '#낭만여행', '#당일', '#여행은즐거워', '#선팔댓글.', '#일상그램', '#댓글.소통', '#댓글.환영']",2021-08-05,0,
"..Q. 홍보효과를 위한 상위 노출 방법을 알 수 있나요!A. 바로스타 홈페이지(http://barostar.kr)에서 방법을 무료로 알려드립니다.(알고리즘 무료제공.).Q. 최적화 계정이 되어야 상위 노출이 가능한가요!A. 인스타그램 알고리즘이 최적화 계정 여부를 평가하고 게시물의 노출순위를 결정합니다..Q. 나의 계정이 최적화인지 무료로 확인할 수 있나요!A. 카톡채널(http://pf.kakao.com/_etnxjxb/chat)에 인스타아이디를 남기면 결과를 올려드립니다.(무료제공.).Q. 자신이 최적화 계정을 만들려면 어떻게 해야되나요!A. 바로스타 홈페이지에서 자신이 만들면 됩니다..Q. 인기 게시물 상위 노출도 자신이 가능한가요!A. 바로스타에서 할 수 있습니다..Q. 최저가 가성비가 맞나요!A. 高품질 최저價(70%퍼센트)의 서비스를 제공합니다.(팔로워., 좋아요., 조회수., 댓글, 유튜브.,틱톡, 상위 노출 패키지 등).Q. 주문취소 및 환불이 가능한가요!A. 시스템이 주문을 이행하지 못하면 자동으로 취소/환불 처리됩니다..Q. 계정이 안전한가요!A. 100% 안전하고 문제되지 않습니다..Q. 이용 가능한 시간은 어떻게 되나요!A. 언제든지 24시간 이용 가능합니다....#산행 #제주도관광#소통소통 #춘천가볼만한곳#3박4일 #트래킹#뚜벅이여행 #가족여행추천#영흥도 #산악여행#자전거여행 #캠핑여행#제주여행추천 #졸업여행수학여행 #여행가자#맞팔선팔 #선팔하면맞팔#소확행 #맞팔해요우리","['#산행', '#제주도관광', '#소통소통', '#춘천가볼만한곳', '#3박4일', '#트래킹', '#뚜벅이여행', '#가족여행추천', '#영흥도', '#산악여행', '#자전거여행', '#캠핑여행', '#제주여행추천', '#졸업여행수학여행', '#여행가자', '#맞팔선팔', '#선팔하면맞팔', '#소확행', '#맞팔해요우리']",2021-08-05,0,
"..Q. 홍보효과를 위한 상위 노출 방법을 알 수 있나요!A. 바로스타 홈페이지(http://barostar.kr)에서 방법을 무료로 알려드립니다.(알고리즘 무료제공.).Q. 최적화 계정이 되어야 상위 노출이 가능한가요!A. 인스타그램 알고리즘이 최적화 계정 여부를 평가하여 게시물의 노출순위를 결정합니다..Q. 나의 계정이 최적화인지 무료로 확인할 수 있나요!A. 카톡채널(http://pf.kakao.com/_etnxjxb/chat)에 인스타아이디를 남겨놓으면 결과를 올려드립니다.(무료제공.).Q. 자신이 최적화 계정을 만들려면 어떻게 해야되나요!A. 바로스타 홈페이지에서 자신이 만들면 됩니다..Q. 인기 게시물 상위 노출도 자신이 가능한가요!A. 바로스타에서 할 수 있습니다..Q. 최저가 가성비가 맞나요!A. 高품질 최저價(70%퍼센트)의 서비스를 제공합니다.(팔로워, 좋아요., 조회수., 댓글., 유튜브,틱톡, 상위 노출 패키지 등).Q. 주문취소 및 환불이 가능한가요!A. 시스템이 주문을 이행하지 못하면 자동으로 취소/환불 처리됩니다..Q. 계정이 안전한가요!A. 100% 안전하고 문제되지 않습니다..Q. 이용 가능한 시간은 어떻게 되나요!A. 언제든지 24시간 이용 가능합니다....#감성여행 #제주도관광#선팔환영 #춘천가볼만한곳#1박2일여행 #트래킹#신혼여행 #맞팔환영해요#영흥도 #해외여행#자전거여행 #힐링캠프#부산여행추천 #낭만여행#당일 #여행은즐거워#맞팔해여 #일상소통#댓글.소통 #맞팔해요우리","['#감성여행', '#제주도관광', '#선팔환영', '#춘천가볼만한곳', '#1박2일여행', '#트래킹', '#신혼여행', '#맞팔환영해요', '#영흥도', '#해외여행', '#자전거여행', '#힐링캠프', '#부산여행추천', '#낭만여행', '#당일', '#여행은즐거워', '#맞팔해여', '#일상소통', '#댓글.소통', '#맞팔해요우리']",2021-08-05,0,
1100고지노루한라산 국립 공원유네스코 제주 생물권보전지역천백고지 휴게소2020.05.22#제주도 #jeju #제주도여행 #제주도한달살기 #제주한달살기 #한달살기 #제주여행 #제주도관광 #제주도관광지 #제주도관광지추천 #제주도여행지 #제주도여행지추천 #제주가볼만한곳 #제주도가볼만한곳 #1100고지 #천백고지 #천백고지휴게소 #유네스코 #유네스코제주 #제주도인생샷 #제주인생샷 #인생샷 #인생사진 #프사 #프로필사진 #제주인생사진 #제주도인생사진 #노루 #한라산 #국립공원,"['#제주도', '#jeju', '#제주도여행', '#제주도한달살기', '#제주한달살기', '#한달살기', '#제주여행', '#제주도관광', '#제주도관광지', '#제주도관광지추천', '#제주도여행지', '#제주도여행지추천', '#제주가볼만한곳', '#제주도가볼만한곳', '#1100고지', '#천백고지', '#천백고지휴게소', '#유네스코', '#유네스코제주', '#제주도인생샷', '#제주인생샷', '#인생샷', '#인생사진', '#프사', '#프로필사진', '#제주인생사진', '#제주도인생사진', '#노루', '#한라산', '#국립공원']",2021-08-05,0,한라산 1100고지
